date,temperature
2023-06-01 00:00:00,31.4901424590337
2023-06-01 01:00:00,29.585207096486446
2023-06-01 02:00:00,31.94306561430208
2023-06-01 03:00:00,34.569089569224076
2023-06-01 04:00:00,29.29753987582999
2023-06-01 05:00:00,29.29758912915246
2023-06-01 06:00:00,34.737638446522176
2023-06-01 07:00:00,32.302304187458724
2023-06-01 08:00:00,28.591576842195146
2023-06-01 09:00:00,31.627680130757895
2023-06-01 10:00:00,28.609746921562614
2023-06-01 11:00:00,28.60281073928923
2023-06-01 12:00:00,30.725886814698104
2023-06-01 13:00:00,24.260159266026605
2023-06-01 14:00:00,24.8252465024609
2023-06-01 15:00:00,28.313137412277083
2023-06-01 16:00:00,26.961506638996728
2023-06-01 17:00:00,30.94274199778582
2023-06-01 18:00:00,27.27592777343637
2023-06-01 19:00:00,25.763088895994127
2023-06-01 20:00:00,34.39694630676466
2023-06-01 21:00:00,29.322671098540393
2023-06-01 22:00:00,30.20258461406377
2023-06-01 23:00:00,25.72575544135963
2023-06-02 00:00:00,28.36685182642445
2023-06-02 01:00:00,30.3327677691296
2023-06-02 02:00:00,26.54701926773309
2023-06-02 03:00:00,31.127094055037016
2023-06-02 04:00:00,28.198083930243584
2023-06-02 05:00:00,29.124918750620168
2023-06-02 06:00:00,28.194880163311808
2023-06-02 07:00:00,35.55683455352681
2023-06-02 08:00:00,29.9595083257862
2023-06-02 09:00:00,26.8268672131323
2023-06-02 10:00:00,32.46763473630957
2023-06-02 11:00:00,26.337469050086934
2023-06-02 12:00:00,30.626590785014265
2023-06-02 13:00:00,24.120989628360675
2023-06-02 14:00:00,26.015441853304708
2023-06-02 15:00:00,30.590583707607372
2023-06-02 16:00:00,32.21539973998623
2023-06-02 17:00:00,30.51410484356991
2023-06-02 18:00:00,29.65305515283528
2023-06-02 19:00:00,29.096688913232132
2023-06-02 20:00:00,25.56443402889772
2023-06-02 21:00:00,27.840467374815873
2023-06-02 22:00:00,28.618083687120638
2023-06-02 23:00:00,33.171366678656746
2023-06-03 00:00:00,31.030854868705383
2023-06-03 01:00:00,24.7108795339118
2023-06-03 02:00:00,30.972251908184386
2023-06-03 03:00:00,28.84475315875105
2023-06-03 04:00:00,27.969233999082125
2023-06-03 05:00:00,31.835028866522602
2023-06-03 06:00:00,33.092998567487854
2023-06-03 07:00:00,32.79384035734859
2023-06-03 08:00:00,27.482347430332084
2023-06-03 09:00:00,29.072362872446355
2023-06-03 10:00:00,30.99379029421069
2023-06-03 11:00:00,32.92663538136708
2023-06-03 12:00:00,28.56247728646413
2023-06-03 13:00:00,29.44302307000855
2023-06-03 14:00:00,26.680995077981915
2023-06-03 15:00:00,26.411380127757987
2023-06-03 16:00:00,32.43757746718259
2023-06-03 17:00:00,34.06872008571247
2023-06-03 18:00:00,29.783969635258998
2023-06-03 19:00:00,33.01059869367607
2023-06-03 20:00:00,31.084908075142902
2023-06-03 21:00:00,28.06464073618463
2023-06-03 22:00:00,31.084186816525243
2023-06-03 23:00:00,34.61410969939791
2023-06-04 00:00:00,29.892521882670145
2023-06-04 01:00:00,34.69393096744202
2023-06-04 02:00:00,22.140764687730766
2023-06-04 03:00:00,32.46570751312567
2023-06-04 04:00:00,30.261141204714512
2023-06-04 05:00:00,29.102977948602398
2023-06-04 06:00:00,30.275282329606508
2023-06-04 07:00:00,24.037293256197323
2023-06-04 08:00:00,29.340984336487463
2023-06-04 09:00:00,31.07133771453524
2023-06-04 10:00:00,34.43368213422455
2023-06-04 11:00:00,28.44518934517906
2023-06-04 12:00:00,27.574519191320437
2023-06-04 13:00:00,28.49472886924639
2023-06-04 14:00:00,32.746206353106224
2023-06-04 15:00:00,30.986253328979053
2023-06-04 16:00:00,28.410719388698883
2023-06-04 17:00:00,31.539802299340067
2023-06-04 18:00:00,30.291232648044122
2023-06-04 19:00:00,32.90593497159867
2023-06-04 20:00:00,27.893840718367944
2023-06-04 21:00:00,29.017013560206696
2023-06-04 22:00:00,28.823675540603528
2023-06-04 23:00:00,25.609455155603644
2023-06-05 00:00:00,30.88836083119373
2023-06-05 01:00:00,30.783165816539668
2023-06-05 02:00:00,30.015340369927383
2023-06-05 03:00:00,29.29623859987456
2023-06-05 04:00:00,25.753887773848756
2023-06-05 05:00:00,28.738064031703924
2023-06-05 06:00:00,28.971856450419693
2023-06-05 07:00:00,27.593168192335142
2023-06-05 08:00:00,29.516142865001974
2023-06-05 09:00:00,31.212152570443614
2023-06-05 10:00:00,35.65855770363159
2023-06-05 11:00:00,30.523733438495515
2023-06-05 12:00:00,30.772651172168292
2023-06-05 13:00:00,29.7766622527015
2023-06-05 14:00:00,24.243686354102877
2023-06-05 15:00:00,29.920458373652348
2023-06-05 16:00:00,30.18069062982308
2023-06-05 17:00:00,37.389726337455855
2023-06-05 18:00:00,29.422917105656634
2023-06-05 19:00:00,30.904642027000836
2023-06-05 20:00:00,29.89586469088427
2023-06-05 21:00:00,26.493965887141403
2023-06-05 22:00:00,33.428468443545064
2023-06-05 23:00:00,32.25579909806032
2023-06-06 00:00:00,32.37309584112914
2023-06-06 01:00:00,27.271837635615782
2023-06-06 02:00:00,34.2083829328083
2023-06-06 03:00:00,25.794446811623157
2023-06-06 04:00:00,31.76057128140081
2023-06-06 05:00:00,36.57136687742994
2023-06-06 06:00:00,27.028391024607934
2023-06-06 07:00:00,28.301106811191683
2023-06-06 08:00:00,30.298954095262925
2023-06-06 09:00:00,28.489573037651404
2023-06-06 10:00:00,25.3480097068016
2023-06-06 11:00:00,30.205688924418084
2023-06-06 12:00:00,26.813088858821686
2023-06-06 13:00:00,31.420777291905544
2023-06-06 14:00:00,27.241727297298592
2023-06-06 15:00:00,34.649803215052614
2023-06-06 16:00:00,27.65024012299129
2023-06-06 17:00:00,29.033815451382974
2023-06-06 18:00:00,32.44055165210901
2023-06-06 19:00:00,26.307407050698135
2023-06-06 20:00:00,30.68237980381239
2023-06-06 21:00:00,33.921428262847286
2023-06-06 22:00:00,25.17755029631632
2023-06-06 23:00:00,30.553901575596914
2023-06-07 00:00:00,30.779648382745272
2023-06-07 01:00:00,32.34546861533193
2023-06-07 02:00:00,26.289147867365756
2023-06-07 03:00:00,26.03863016074717
2023-06-07 04:00:00,31.565824696850694
2023-06-07 05:00:00,30.890954019699556
2023-06-07 06:00:00,30.75147855103763
2023-06-07 07:00:00,31.039344628490927
2023-06-07 08:00:00,27.959925835264528
2023-06-07 09:00:00,30.696761091483012
2023-06-07 10:00:00,30.879217419896044
2023-06-07 11:00:00,27.856945745920896
2023-06-07 12:00:00,35.59732353343427
2023-06-07 13:00:00,31.42149876273536
2023-06-07 14:00:00,26.426089508392053
2023-06-07 15:00:00,31.96966082590149
2023-06-07 16:00:00,27.075954989318035
2023-06-07 17:00:00,32.36125381122736
2023-06-07 18:00:00,33.47578673702221
2023-06-07 19:00:00,27.537953044944867
2023-06-07 20:00:00,32.890128387732965
2023-06-07 21:00:00,31.238342780809496
2023-06-07 22:00:00,32.46618047998347
2023-06-07 23:00:00,35.69037894796184
2023-06-08 00:00:00,29.26383565199139
2023-06-08 01:00:00,27.73879150692753
2023-06-08 02:00:00,27.33145671112343
2023-06-08 03:00:00,27.552569145103686
2023-06-08 04:00:00,29.76869487175769
2023-06-08 05:00:00,31.02345592444993
2023-06-08 06:00:00,30.830072397990058
2023-06-08 07:00:00,32.48154974710807
2023-06-08 08:00:00,30.03900567563372
2023-06-08 09:00:00,34.36060223147195
2023-06-08 10:00:00,29.20602950028613
2023-06-08 11:00:00,38.160507499768855
2023-06-08 12:00:00,31.87700204329502
2023-06-08 13:00:00,27.42852733075115
2023-06-08 14:00:00,26.78732250581666
2023-06-08 15:00:00,31.447417245729557
2023-06-08 16:00:00,29.329611644022446
2023-06-08 17:00:00,32.14200148227628
2023-06-08 18:00:00,31.419712873720634
2023-06-08 19:00:00,29.78151326202938
2023-06-08 20:00:00,27.459618845794786
2023-06-08 21:00:00,25.455458325942406
2023-06-08 22:00:00,28.660455143798938
2023-06-08 23:00:00,32.56919638297042
2023-06-09 00:00:00,30.642281232390612
2023-06-09 01:00:00,26.262783663864035
2023-06-09 02:00:00,30.519542777553546
2023-06-09 03:00:00,31.15595213918651
2023-06-09 04:00:00,27.3484276913966
2023-06-09 05:00:00,30.461175317836584
2023-06-09 06:00:00,30.174626155338
2023-06-09 07:00:00,26.571089106508133
2023-06-09 08:00:00,31.07336208104485
2023-06-09 09:00:00,31.682353579104703
2023-06-09 10:00:00,33.24915372952583
2023-06-09 11:00:00,33.16140615610471
2023-06-09 12:00:00,25.866991896128727
2023-06-09 13:00:00,27.18652488025463
2023-06-09 14:00:00,31.54510580162598
2023-06-09 15:00:00,31.541357852736628
2023-06-09 16:00:00,31.545143058918143
2023-06-09 17:00:00,41.558194471964164
2023-06-09 18:00:00,31.7126715320795
2023-06-09 19:00:00,33.4066969205418
2023-06-09 20:00:00,32.86200529047961
2023-06-09 21:00:00,31.954173753917395
2023-06-09 22:00:00,29.054192266078964
2023-06-09 23:00:00,32.276907661479804
2023-06-10 00:00:00,27.681524356387285
2023-06-10 01:00:00,29.289544179779973
2023-06-10 02:00:00,28.54390935651269
2023-06-10 03:00:00,30.245622418158966
2023-06-10 04:00:00,36.94397570002052
2023-06-10 05:00:00,24.398204422224758
2023-06-10 06:00:00,32.05878057112354
2023-06-10 07:00:00,25.161852386431043
2023-06-10 08:00:00,28.5842044026317
2023-06-10 09:00:00,33.266851790902095
2023-06-10 10:00:00,30.19284005728639
2023-06-10 11:00:00,26.76676566621208
2023-06-10 12:00:00,27.854088872220096
2023-06-10 13:00:00,32.038793246804026
2023-06-10 14:00:00,27.80890010484859
2023-06-10 15:00:00,30.649375768745923
2023-06-10 16:00:00,30.13671551971144
2023-06-10 17:00:00,28.04519895718255
2023-06-10 18:00:00,36.43183226797598
2023-06-10 19:00:00,31.901757066954033
2023-06-10 20:00:00,23.924572240027178
2023-06-10 21:00:00,30.559362944308283
2023-06-10 22:00:00,28.014640605694836
2023-06-10 23:00:00,32.55730000438867
2023-06-11 00:00:00,27.622437784701898
2023-06-11 01:00:00,29.655790675599302
2023-06-11 02:00:00,31.51496183694137
2023-06-11 03:00:00,32.59726558251037
2023-06-11 04:00:00,26.39911077883267
2023-06-11 05:00:00,28.996496292477154
2023-06-11 06:00:00,28.575164066517132
2023-06-11 07:00:00,28.040012302278864
2023-06-11 08:00:00,35.29636272084329
2023-06-11 09:00:00,31.214945132882868
2023-06-11 10:00:00,26.217348136994865
2023-06-11 11:00:00,32.75358584116433
2023-06-11 12:00:00,36.3664685910379
2023-06-11 13:00:00,33.09739578165344
2023-06-11 14:00:00,25.44189010213796
2023-06-11 15:00:00,28.547297781401245
2023-06-11 16:00:00,33.80073344755987
2023-06-11 17:00:00,27.876991603143658
2023-06-11 18:00:00,31.331458284438686
2023-06-11 19:00:00,32.32390216028801
2023-06-11 20:00:00,27.21920858526575
2023-06-11 21:00:00,29.8214239318146
2023-06-11 22:00:00,20.276197979792784
2023-06-11 23:00:00,26.92683707599713
2023-06-12 00:00:00,29.242295545820518
2023-06-12 01:00:00,26.25665045410545
2023-06-12 02:00:00,34.897233911794906
2023-06-12 03:00:00,25.7095758661181
2023-06-12 04:00:00,28.67986653990905
2023-06-12 05:00:00,30.392221731858275
2023-06-12 06:00:00,34.323819867198345
2023-06-12 07:00:00,25.69241354646168
2023-06-12 08:00:00,33.48949125646488
2023-06-12 09:00:00,30.03069918305876
2023-06-12 10:00:00,27.055474046856148
2023-06-12 11:00:00,31.386310422789812
2023-06-12 12:00:00,30.59717908672041
2023-06-12 13:00:00,28.199349368523617
2023-06-12 14:00:00,30.209406254970055
2023-06-12 15:00:00,28.84405920941472
2023-06-12 16:00:00,30.340552035753745
2023-06-12 17:00:00,31.98639202356314
2023-06-12 18:00:00,34.75805044843606
2023-06-12 19:00:00,26.286553503519453
2023-06-12 20:00:00,36.3991001239688
2023-06-12 21:00:00,24.143736601432494
2023-06-12 22:00:00,29.54464471489325
2023-06-12 23:00:00,31.76495161945373
2023-06-13 00:00:00,30.842975603205097
2023-06-13 01:00:00,28.13190144053822
2023-06-13 02:00:00,29.375633248928175
2023-06-13 03:00:00,28.5209971960235
2023-06-13 04:00:00,28.231905729167366
2023-06-13 05:00:00,32.54880629106307
2023-06-13 06:00:00,31.071046457895143
2023-06-13 07:00:00,27.921271214218038
2023-06-13 08:00:00,32.69879962629975
2023-06-13 09:00:00,30.921898562629828
2023-06-13 10:00:00,32.43858635651688
2023-06-13 11:00:00,31.888886525770836
2023-06-13 12:00:00,27.513014967233783
2023-06-13 13:00:00,28.319456879409092
2023-06-13 14:00:00,32.24188081536978
2023-06-13 15:00:00,31.831110796300393
2023-06-13 16:00:00,29.937295218107554
2023-06-13 17:00:00,30.351982149926346
2023-06-13 18:00:00,33.83299468736527
2023-06-13 19:00:00,28.22528583349251
2023-06-13 20:00:00,31.641292143510114
2023-06-13 21:00:00,29.39342204269832
2023-06-13 22:00:00,29.34695639031834
2023-06-13 23:00:00,33.29633055596157
2023-06-14 00:00:00,32.47624904696409
2023-06-14 01:00:00,32.440528908001916
2023-06-14 02:00:00,33.91643642146299
2023-06-14 03:00:00,30.063011524898275
2023-06-14 04:00:00,32.04585891388489
2023-06-14 05:00:00,29.069199730219633
2023-06-14 06:00:00,30.972499057465328
2023-06-14 07:00:00,29.609570836896946
2023-06-14 08:00:00,30.290987894978155
2023-06-14 09:00:00,31.785471076310742
2023-06-14 10:00:00,27.545337950299583
2023-06-14 11:00:00,36.27716182705638
2023-06-14 12:00:00,26.981947855500895
2023-06-14 13:00:00,26.357434161636803
2023-06-14 14:00:00,33.474332620500206
2023-06-14 15:00:00,32.37498808188881
2023-06-14 16:00:00,31.872359451156466
2023-06-14 17:00:00,31.88503652779284
2023-06-14 18:00:00,29.963259681459256
2023-06-14 19:00:00,27.308236885542506
2023-06-14 20:00:00,30.22741367458118
2023-06-14 21:00:00,27.968514865463664
2023-06-14 22:00:00,32.925359200253254
2023-06-14 23:00:00,29.558827855493583
2023-06-15 00:00:00,27.523508409622465
2023-06-15 01:00:00,29.03584247504102
2023-06-15 02:00:00,31.238794362826873
2023-06-15 03:00:00,28.308826341588077
2023-06-15 04:00:00,27.533338813300706
2023-06-15 05:00:00,30.731061634475736
2023-06-15 06:00:00,30.73489971332617
2023-06-15 07:00:00,28.47917047388661
2023-06-15 08:00:00,28.58688508314503
2023-06-15 09:00:00,30.69614981207291
2023-06-15 10:00:00,25.655746975508027
2023-06-15 11:00:00,25.777608676870337
2023-06-15 12:00:00,27.844667336242694
2023-06-15 13:00:00,29.35965854486446
2023-06-15 14:00:00,30.932722696794013
2023-06-15 15:00:00,34.426068650848656
2023-06-15 16:00:00,32.57297886960606
2023-06-15 17:00:00,29.520184410109717
2023-06-15 18:00:00,29.942951376291933
2023-06-15 19:00:00,26.992411906086573
2023-06-15 20:00:00,29.944460592022832
2023-06-15 21:00:00,29.134024083239584
2023-06-15 22:00:00,30.968155681014267
2023-06-15 23:00:00,27.518307169343032
2023-06-16 00:00:00,31.558039542723517
2023-06-16 01:00:00,34.59821673900773
2023-06-16 02:00:00,29.67371955462943
2023-06-16 03:00:00,31.205135166296824
2023-06-16 04:00:00,32.07043197513334
2023-06-16 05:00:00,28.796338584342493
2023-06-16 06:00:00,30.67227744543125
2023-06-16 07:00:00,30.037777202345385
2023-06-16 08:00:00,30.293028295646494
2023-06-16 09:00:00,27.6809706484336
2023-06-16 10:00:00,30.073530522776828
2023-06-16 11:00:00,31.493994873736348
2023-06-16 12:00:00,34.353430823385125
2023-06-16 13:00:00,32.87781247825562
2023-06-16 14:00:00,36.45954737253467
2023-06-16 15:00:00,27.697957311335852
2023-06-16 16:00:00,32.61696191016203
2023-06-16 17:00:00,30.550026017215057
2023-06-16 18:00:00,36.56940879965302
2023-06-16 19:00:00,27.575105143934547
2023-06-16 20:00:00,27.480834473457673
2023-06-16 21:00:00,28.201822063667933
2023-06-16 22:00:00,23.62831282707058
2023-06-16 23:00:00,28.422734934957717
2023-06-17 00:00:00,27.722602015338907
2023-06-17 01:00:00,30.451181359428624
2023-06-17 02:00:00,31.025267927331477
2023-06-17 03:00:00,35.62851251764766
2023-06-17 04:00:00,32.85127151455815
2023-06-17 05:00:00,28.26928903301279
2023-06-17 06:00:00,27.304755985954927
2023-06-17 07:00:00,31.47575751451952
2023-06-17 08:00:00,26.039300378938073
2023-06-17 09:00:00,35.494376297563065
2023-06-17 10:00:00,33.53832036216386
2023-06-17 11:00:00,28.592473043685885
2023-06-17 12:00:00,24.860596412727368
2023-06-17 13:00:00,34.06161712249624
2023-06-17 14:00:00,29.656380464242147
2023-06-17 15:00:00,33.71344893592038
2023-06-17 16:00:00,25.216717023616898
2023-06-17 17:00:00,28.201874931138683
2023-06-17 18:00:00,30.01573109915455
2023-06-17 19:00:00,30.140941781294227
2023-06-17 20:00:00,28.649803585562267
2023-06-17 21:00:00,31.868549797042498
2023-06-17 22:00:00,26.797138711852217
2023-06-17 23:00:00,29.57286154493612
2023-06-18 00:00:00,30.360886895135696
2023-06-18 01:00:00,31.543316502176246
2023-06-18 02:00:00,32.13484463426667
2023-06-18 03:00:00,26.626073724486393
2023-06-18 04:00:00,25.397657487793133
2023-06-18 05:00:00,33.83303046569553
2023-06-18 06:00:00,30.996942035938776
2023-06-18 07:00:00,27.75454039033034
2023-06-18 08:00:00,34.65345592656757
2023-06-18 09:00:00,30.347023902878576
2023-06-18 10:00:00,33.53789155219148
2023-06-18 11:00:00,30.202555444230327
2023-06-18 12:00:00,36.18224377464596
2023-06-18 13:00:00,35.26602252732961
2023-06-18 14:00:00,29.253107554562778
2023-06-18 15:00:00,32.91471285286307
2023-06-18 16:00:00,31.936127848755444
2023-06-18 17:00:00,34.105894672597046
2023-06-18 18:00:00,27.105229618259685
2023-06-18 19:00:00,32.058154379995315
2023-06-18 20:00:00,33.175273460548766
2023-06-18 21:00:00,24.723781540730656
2023-06-18 22:00:00,26.450224462002673
2023-06-18 23:00:00,23.882303466719698
2023-06-19 00:00:00,29.191779496666328
2023-06-19 01:00:00,32.152626767387886
2023-06-19 02:00:00,34.507071156288085
2023-06-19 03:00:00,30.222284341259325
2023-06-19 04:00:00,34.88584663671388
2023-06-19 05:00:00,25.859695625355325
2023-06-19 06:00:00,24.889852681934535
2023-06-19 07:00:00,29.833356903310143
2023-06-19 08:00:00,31.152196346817924
2023-06-19 09:00:00,29.90191575571772
2023-06-19 10:00:00,23.79767369988037
2023-06-19 11:00:00,29.732639881461633
2023-06-19 12:00:00,26.08659149848544
2023-06-19 13:00:00,32.009017646490115
2023-06-19 14:00:00,31.099794738290544
2023-06-19 15:00:00,27.180360641017934
2023-06-19 16:00:00,28.45839924798992
2023-06-19 17:00:00,26.822359434333144
2023-06-19 18:00:00,29.811962708180484
2023-06-19 19:00:00,32.865426961503715
2023-06-19 20:00:00,27.04282186099337
2023-06-19 21:00:00,31.512139546553534
2023-06-19 22:00:00,28.409227144882678
2023-06-19 23:00:00,27.621381503212966
2023-06-20 00:00:00,29.678908920136326
2023-06-20 01:00:00,26.89427303274188
2023-06-20 02:00:00,28.339052083958453
2023-06-20 03:00:00,26.406366322233453
2023-06-20 04:00:00,35.89417539874917
2023-06-20 05:00:00,30.105790655915186
2023-06-20 06:00:00,27.900823476022243
2023-06-20 07:00:00,30.641939732202665
2023-06-20 08:00:00,29.66301585092751
2023-06-20 09:00:00,29.33709120140033
2023-06-20 10:00:00,31.842500100130277
2023-06-20 11:00:00,32.27252313014191
2023-06-20 12:00:00,28.40849655716842
2023-06-20 13:00:00,28.27254527806596
2023-06-20 14:00:00,29.17484490854507
2023-06-20 15:00:00,23.094236505793248
2023-06-20 16:00:00,25.454426813404343
2023-06-20 17:00:00,34.100622802333575
2023-06-20 18:00:00,34.93490314050385
2023-06-20 19:00:00,29.252891881330864
2023-06-20 20:00:00,31.7296708891673
2023-06-20 21:00:00,30.93375046363061
2023-06-20 22:00:00,39.236642425365716
2023-06-20 23:00:00,33.35872473430373
2023-06-21 00:00:00,29.6162472255577
2023-06-21 01:00:00,27.133378678198724
2023-06-21 02:00:00,25.18066103922728
2023-06-21 03:00:00,30.61039090760167
2023-06-21 04:00:00,27.73094776414709
2023-06-21 05:00:00,25.73323887120698
2023-06-21 06:00:00,28.060281347272422
2023-06-21 07:00:00,26.755355989156815
2023-06-21 08:00:00,35.06142490521769
2023-06-21 09:00:00,32.64491927084835
2023-06-21 10:00:00,29.976082076050147
2023-06-21 11:00:00,34.43983241667008
2023-06-21 12:00:00,37.23210492294285
2023-06-21 13:00:00,34.416147396015205
2023-06-21 14:00:00,41.56937223180897
2023-06-21 15:00:00,38.61673013105398
2023-06-21 16:00:00,33.88826153702063
2023-06-21 17:00:00,36.428983965749175
2023-06-21 18:00:00,34.37314523984573
2023-06-21 19:00:00,32.85160080710699
2023-06-21 20:00:00,39.778532642594925
2023-06-21 21:00:00,42.728249921410395
2023-06-21 22:00:00,32.80429727854258
2023-06-21 23:00:00,38.68890771007172
2023-06-22 00:00:00,35.048072292634515
2023-06-22 01:00:00,35.53862384870591
2023-06-22 02:00:00,35.2228182272834
2023-06-22 03:00:00,34.40802769096055
2023-06-22 04:00:00,37.14556488383448
2023-06-22 05:00:00,34.50714965076689
2023-06-22 06:00:00,37.811370477339516
2023-06-22 07:00:00,36.84928567165259
2023-06-22 08:00:00,36.28315585940077
2023-06-22 09:00:00,34.27730901387521
2023-06-22 10:00:00,35.269686008295
2023-06-22 11:00:00,39.26617367747727
2023-06-22 12:00:00,38.502751562873144
2023-06-22 13:00:00,34.067334265604345
2023-06-22 14:00:00,37.29799691628767
2023-06-22 15:00:00,39.25416137011537
2023-06-22 16:00:00,31.991784156635884
2023-06-22 17:00:00,38.63008057713981
2023-06-22 18:00:00,35.01212872316246
2023-06-22 19:00:00,38.711796005779476
2023-06-22 20:00:00,34.71022253037245
2023-06-22 21:00:00,31.585353698006443
2023-06-22 22:00:00,32.117372686350514
2023-06-22 23:00:00,37.14425483998414
2023-06-23 00:00:00,37.779167505164445
2023-06-23 01:00:00,34.28705012468677
2023-06-23 02:00:00,38.91577737633212
2023-06-23 03:00:00,32.01543981319312
2023-06-23 04:00:00,36.801760604058046
2023-06-23 05:00:00,33.36695140071263
2023-06-23 06:00:00,35.04449167659352
2023-06-23 07:00:00,37.142196013949246
2023-06-23 08:00:00,34.418759904148146
2023-06-23 09:00:00,35.84633336731052
2023-06-23 10:00:00,40.01887842764332
2023-06-23 11:00:00,35.26932439143056
2023-06-23 12:00:00,32.507076336195425
2023-06-23 13:00:00,26.610879436027147
2023-06-23 14:00:00,31.589412533745847
2023-06-23 15:00:00,34.3247058619737
2023-06-23 16:00:00,22.585066499618133
2023-06-23 17:00:00,27.60931423358857
2023-06-23 18:00:00,31.73121638154162
2023-06-23 19:00:00,29.39086384187102
2023-06-23 20:00:00,31.113437620113928
2023-06-23 21:00:00,28.18804443985254
2023-06-23 22:00:00,30.259769362418698
2023-06-23 23:00:00,29.53296829382376
2023-06-24 00:00:00,33.50334618497942
2023-06-24 01:00:00,30.76326252990364
2023-06-24 02:00:00,31.012807986225607
2023-06-24 03:00:00,28.764369101632596
2023-06-24 04:00:00,28.53718132778252
2023-06-24 05:00:00,28.702325436541138
2023-06-24 06:00:00,31.18335642713489
2023-06-24 07:00:00,28.737046557539212
2023-06-24 08:00:00,30.869324570689237
2023-06-24 09:00:00,36.22620239593632
2023-06-24 10:00:00,32.61337411029508
2023-06-24 11:00:00,29.021929403496475
2023-06-24 12:00:00,33.60364176649183
2023-06-24 13:00:00,28.775773880935347
2023-06-24 14:00:00,23.88562639446644
2023-06-24 15:00:00,26.97574106724779
2023-06-24 16:00:00,24.387624236922434
2023-06-24 17:00:00,28.945459547876073
2023-06-24 18:00:00,30.055255137568654
2023-06-24 19:00:00,35.02931193682585
2023-06-24 20:00:00,30.98078212129249
2023-06-24 21:00:00,29.34269841357341
2023-06-24 22:00:00,32.48821674355047
2023-06-24 23:00:00,23.366594072976344
2023-06-25 00:00:00,30.706843674325697
2023-06-25 01:00:00,32.3125955816609
2023-06-25 02:00:00,25.564241262660474
2023-06-25 03:00:00,33.43126212962079
2023-06-25 04:00:00,31.015489222483243
2023-06-25 05:00:00,28.754136258297596
2023-06-25 06:00:00,31.898345598318855
2023-06-25 07:00:00,36.81207857341319
2023-06-25 08:00:00,30.545598765175484
2023-06-25 09:00:00,30.744661758901007
2023-06-25 10:00:00,28.621917301379266
2023-06-25 11:00:00,27.450466891605625
2023-06-25 12:00:00,32.49100744963274
2023-06-25 13:00:00,27.4317485222734
2023-06-25 14:00:00,30.214698711658176
2023-06-25 15:00:00,28.56702765970465
2023-06-25 16:00:00,31.436939477239175
2023-06-25 17:00:00,31.000986315860846
2023-06-25 18:00:00,33.112619832773696
2023-06-25 19:00:00,28.469950803435758
2023-06-25 20:00:00,29.190375194119888
2023-06-25 21:00:00,27.06370885265308
2023-06-25 22:00:00,28.667120219771665
2023-06-25 23:00:00,31.131901479134555
2023-06-26 00:00:00,32.270965849936054
2023-06-26 01:00:00,27.233504027467124
2023-06-26 02:00:00,32.60881776031698
2023-06-26 03:00:00,34.066913576414855
2023-06-26 04:00:00,31.240304709671104
2023-06-26 05:00:00,35.6303874376742
2023-06-26 06:00:00,27.67863240268928
2023-06-26 07:00:00,26.266035890065748
2023-06-26 08:00:00,24.663839253287165
2023-06-26 09:00:00,34.48813293446755
2023-06-26 10:00:00,31.963096969062175
2023-06-26 11:00:00,29.833245987268636
2023-06-26 12:00:00,30.83990587895946
2023-06-26 13:00:00,26.62353285810487
2023-06-26 14:00:00,37.337255938850475
2023-06-26 15:00:00,30.387663545925683
2023-06-26 16:00:00,30.32818438381468
2023-06-26 17:00:00,32.17729987169608
2023-06-26 18:00:00,31.44302769521014
2023-06-26 19:00:00,35.67165207283739
2023-06-26 20:00:00,32.62857663366407
2023-06-26 21:00:00,36.414405071407984
2023-06-26 22:00:00,40.6460734894251
2023-06-26 23:00:00,39.03626013846493
2023-06-27 00:00:00,39.77955987991819
2023-06-27 01:00:00,33.466352970706446
2023-06-27 02:00:00,32.03118553922425
2023-06-27 03:00:00,34.62263923970106
2023-06-27 04:00:00,35.16717473686609
2023-06-27 05:00:00,38.28257455541284
2023-06-27 06:00:00,29.92260611085554
2023-06-27 07:00:00,39.58865095838184
2023-06-27 08:00:00,34.52597630426303
2023-06-27 09:00:00,33.71935679015774
2023-06-27 10:00:00,31.963686874219498
2023-06-27 11:00:00,30.03542998440269
2023-06-27 12:00:00,37.46951175188575
2023-06-27 13:00:00,35.21995390156521
2023-06-27 14:00:00,31.13011730077684
2023-06-27 15:00:00,31.11476368380915
2023-06-27 16:00:00,33.99264590212962
2023-06-27 17:00:00,40.00706457586818
2023-06-27 18:00:00,34.22122594590918
2023-06-27 19:00:00,30.49057114064568
2023-06-27 20:00:00,34.26277080774217
2023-06-27 21:00:00,34.18182929075699
2023-06-27 22:00:00,26.909340071175286
2023-06-27 23:00:00,34.837115400446564
2023-06-28 00:00:00,34.307196409373965
2023-06-28 01:00:00,37.088619094440254
2023-06-28 02:00:00,40.54686828483604
2023-06-28 03:00:00,38.379695088643274
2023-06-28 04:00:00,34.193333928335505
2023-06-28 05:00:00,31.68042227377499
2023-06-28 06:00:00,42.72007940974958
2023-06-28 07:00:00,35.17765530204346
2023-06-28 08:00:00,35.041787875738834
2023-06-28 09:00:00,34.92762473866999
2023-06-28 10:00:00,35.59425428230357
2023-06-28 11:00:00,34.56691876422818
2023-06-28 12:00:00,33.27901397935929
2023-06-28 13:00:00,33.359423176278824
2023-06-28 14:00:00,34.901740189352005
2023-06-28 15:00:00,33.369725686598706
2023-06-28 16:00:00,32.86146265196851
2023-06-28 17:00:00,35.31929068307569
2023-06-28 18:00:00,34.23506834773744
2023-06-28 19:00:00,34.511978965748064
2023-06-28 20:00:00,22.047090574820963
2023-06-28 21:00:00,33.27452055576739
2023-06-28 22:00:00,33.738255577492886
2023-06-28 23:00:00,23.779829302775553
2023-06-29 00:00:00,28.971937217758953
2023-06-29 01:00:00,28.885677402012625
2023-06-29 02:00:00,25.777464915846537
2023-06-29 03:00:00,27.666549937227373
2023-06-29 04:00:00,26.668272463602513
2023-06-29 05:00:00,35.25681133027087
2023-06-29 06:00:00,32.80703517944238
2023-06-29 07:00:00,33.814665284982475
2023-06-29 08:00:00,32.165016192129706
2023-06-29 09:00:00,26.61284468634831
2023-06-29 10:00:00,28.42643920116068
2023-06-29 11:00:00,31.468123683683753
2023-06-29 12:00:00,26.333616573324164
2023-06-29 13:00:00,32.138995290517165
2023-06-29 14:00:00,29.279023805525593
2023-06-29 15:00:00,28.875537577351206
2023-06-29 16:00:00,32.132879904610476
2023-06-29 17:00:00,31.33278993445812
2023-06-29 18:00:00,28.91710150254276
2023-06-29 19:00:00,33.477989410092746
2023-06-29 20:00:00,26.75681001720031
2023-06-29 21:00:00,31.84780682083279
2023-06-29 22:00:00,31.779303773905152
2023-06-29 23:00:00,29.071360682058028
2023-06-30 00:00:00,30.978399066726354
2023-06-30 01:00:00,26.24665927084409
2023-06-30 02:00:00,32.7720810576207
2023-06-30 03:00:00,29.44529359067103
2023-06-30 04:00:00,28.431830938442882
2023-06-30 05:00:00,33.147027677510664
2023-06-30 06:00:00,27.886968928371722
2023-06-30 07:00:00,25.77461611090932
2023-06-30 08:00:00,25.330112479428287
2023-06-30 09:00:00,31.81802985403692
2023-06-30 10:00:00,26.15871194251115
2023-06-30 11:00:00,35.2643825459531
2023-06-30 12:00:00,23.754211776348832
2023-06-30 13:00:00,35.089369104870116
2023-06-30 14:00:00,30.633052401607856
2023-06-30 15:00:00,29.709860664388824
2023-06-30 16:00:00,28.36524273957315
2023-06-30 17:00:00,31.197408343056214
2023-06-30 18:00:00,29.887095892725455
2023-06-30 19:00:00,33.309905646049565
2023-06-30 20:00:00,30.34268294598612
2023-06-30 21:00:00,30.450905284385634
2023-06-30 22:00:00,28.90916336335843
2023-06-30 23:00:00,29.829163128836797
2023-07-01 00:00:00,30.923405306676177
2023-07-01 01:00:00,24.869494822030124
2023-07-01 02:00:00,25.955443733682863
2023-07-01 03:00:00,32.229792282068146
2023-07-01 04:00:00,30.512596314383824
2023-07-01 05:00:00,29.448049990941964
2023-07-01 06:00:00,30.05530179919618
2023-07-01 07:00:00,31.042745116085012
2023-07-01 08:00:00,28.380720959071915
2023-07-01 09:00:00,27.665085823793063
2023-07-01 10:00:00,30.587535765293044
2023-07-01 11:00:00,27.064881667154904
2023-07-01 12:00:00,31.224758267143415
2023-07-01 13:00:00,24.89224918728648
2023-07-01 14:00:00,33.08746691197693
2023-07-01 15:00:00,31.41779244723913
2023-07-01 16:00:00,30.768089202941628
2023-07-01 17:00:00,32.948072951836544
2023-07-01 18:00:00,34.99642333338773
2023-07-01 19:00:00,33.04311019505439
2023-07-01 20:00:00,24.477377306005064
2023-07-01 21:00:00,26.161269099792896
2023-07-01 22:00:00,28.125544266912964
2023-07-01 23:00:00,30.0782731506325
2023-07-02 00:00:00,31.55297706140737
2023-07-02 01:00:00,27.822768560539604
2023-07-02 02:00:00,30.560300293431236
2023-07-02 03:00:00,27.73385120294003
2023-07-02 04:00:00,28.165446591024157
2023-07-02 05:00:00,25.78001670945533
2023-07-02 06:00:00,27.23030026166729
2023-07-02 07:00:00,25.944946183151
2023-07-02 08:00:00,27.072380241068004
2023-07-02 09:00:00,33.16092538982352
2023-07-02 10:00:00,27.15180333350417
2023-07-02 11:00:00,37.897146194512175
2023-07-02 12:00:00,31.479953702642668
2023-07-02 13:00:00,30.554508371084623
2023-07-02 14:00:00,27.42492665945636
2023-07-02 15:00:00,32.10092963822697
2023-07-02 16:00:00,28.27308652128668
2023-07-02 17:00:00,30.366029443936085
2023-07-02 18:00:00,37.68025361480638
2023-07-02 19:00:00,29.71182030082605
2023-07-02 20:00:00,33.44781997885703
2023-07-02 21:00:00,27.89047072462234
2023-07-02 22:00:00,29.895034528509115
2023-07-02 23:00:00,35.31240190690653
2023-07-03 00:00:00,28.119098826636698
2023-07-03 01:00:00,35.437345673990784
2023-07-03 02:00:00,32.12325580636643
2023-07-03 03:00:00,28.312599672317198
2023-07-03 04:00:00,31.897223217166562
2023-07-03 05:00:00,32.91766334888019
2023-07-03 06:00:00,31.86542988665159
2023-07-03 07:00:00,25.28932584032863
2023-07-03 08:00:00,27.818588472525395
2023-07-03 09:00:00,29.257444093345487
2023-07-03 10:00:00,29.776699712699862
2023-07-03 11:00:00,31.862016292652033
2023-07-03 12:00:00,30.533103002799763
2023-07-03 13:00:00,25.993966923869696
2023-07-03 14:00:00,31.14059355301789
2023-07-03 15:00:00,31.83175723585147
2023-07-03 16:00:00,31.679371343793118
2023-07-03 17:00:00,33.24234217666387
2023-07-03 18:00:00,32.50176646364671
2023-07-03 19:00:00,31.37754023768531
2023-07-03 20:00:00,29.78950286562406
2023-07-03 21:00:00,25.017117199452024
2023-07-03 22:00:00,31.288854657397756
2023-07-03 23:00:00,30.623063061489333
2023-07-04 00:00:00,30.81473651158612
2023-07-04 01:00:00,26.169754272539073
2023-07-04 02:00:00,26.756830378775213
2023-07-04 03:00:00,33.15945855999871
2023-07-04 04:00:00,29.881334538430036
2023-07-04 05:00:00,32.044502092117874
2023-07-04 06:00:00,30.084955128391382
2023-07-04 07:00:00,30.089268418487237
2023-07-04 08:00:00,32.81485141792799
2023-07-04 09:00:00,28.45186581534788
2023-07-04 10:00:00,30.28836233082295
2023-07-04 11:00:00,28.613174133884872
2023-07-04 12:00:00,28.696511317703052
2023-07-04 13:00:00,29.072483629594082
2023-07-04 14:00:00,30.666401314901137
2023-07-04 15:00:00,28.563754135009567
2023-07-04 16:00:00,33.767268376720565
2023-07-04 17:00:00,27.316178093341488
2023-07-04 18:00:00,29.43938506751592
2023-07-04 19:00:00,28.680806825177477
2023-07-04 20:00:00,34.3409336530612
2023-07-04 21:00:00,30.589664329534724
2023-07-04 22:00:00,33.0955336184059
2023-07-04 23:00:00,25.543318880889082
2023-07-05 00:00:00,30.801150797607775
2023-07-05 01:00:00,32.66889238687031
2023-07-05 02:00:00,30.246851967826274
2023-07-05 03:00:00,33.19644112519605
2023-07-05 04:00:00,28.448134649698883
2023-07-05 05:00:00,34.22804232055674
2023-07-05 06:00:00,36.89669437085775
2023-07-05 07:00:00,28.911484318681023
2023-07-05 08:00:00,28.663492435797686
2023-07-05 09:00:00,34.360153431353105
2023-07-05 10:00:00,34.73871643719214
2023-07-05 11:00:00,28.431419918540193
2023-07-05 12:00:00,28.73943954871243
2023-07-05 13:00:00,29.154646173418477
2023-07-05 14:00:00,25.96664846689717
2023-07-05 15:00:00,27.244044160547404
2023-07-05 16:00:00,26.987577699743795
2023-07-05 17:00:00,27.696607304687614
2023-07-05 18:00:00,29.895945337839656
2023-07-05 19:00:00,30.702644197609562
2023-07-05 20:00:00,34.65150147844223
2023-07-05 21:00:00,27.004937877783625
2023-07-05 22:00:00,32.95296719542975
2023-07-05 23:00:00,29.358033467323473
2023-07-06 00:00:00,29.8516088710427
2023-07-06 01:00:00,32.02445847649981
2023-07-06 02:00:00,26.631833935313104
2023-07-06 03:00:00,31.147229238552153
2023-07-06 04:00:00,30.49935662463917
2023-07-06 05:00:00,31.47735379202445
2023-07-06 06:00:00,30.867505931723453
2023-07-06 07:00:00,37.36590041973268
2023-07-06 08:00:00,28.08678004724605
2023-07-06 09:00:00,28.407009134994546
2023-07-06 10:00:00,28.13057842072571
2023-07-06 11:00:00,28.333568642519236
2023-07-06 12:00:00,28.087838618080447
2023-07-06 13:00:00,33.56704959332266
2023-07-06 14:00:00,34.26151274396956
2023-07-06 15:00:00,28.287761118751572
2023-07-06 16:00:00,27.502933280687316
2023-07-06 17:00:00,31.414246669159212
2023-07-06 18:00:00,28.343330867157086
2023-07-06 19:00:00,31.898795453266533
2023-07-06 20:00:00,30.6087690625539
2023-07-06 21:00:00,25.452767655008305
2023-07-06 22:00:00,34.642515603990184
2023-07-06 23:00:00,35.38763301928657
2023-07-07 00:00:00,28.16163392854684
2023-07-07 01:00:00,28.83689532019205
2023-07-07 02:00:00,30.857596172174716
2023-07-07 03:00:00,31.003370369961075
2023-07-07 04:00:00,31.97563281801849
2023-07-07 05:00:00,36.03061361629905
2023-07-07 06:00:00,29.469158317517852
2023-07-07 07:00:00,27.60510826638464
2023-07-07 08:00:00,25.86204231595642
2023-07-07 09:00:00,27.80720988017424
2023-07-07 10:00:00,29.900619081378608
2023-07-07 11:00:00,35.383673590553364
2023-07-07 12:00:00,28.447166102891487
2023-07-07 13:00:00,30.671363854916695
2023-07-07 14:00:00,29.950731311781745
2023-07-07 15:00:00,33.565179820344255
2023-07-07 16:00:00,37.58079727762087
2023-07-07 17:00:00,28.40739368123904
2023-07-07 18:00:00,28.531681672445334
2023-07-07 19:00:00,33.13248263120722
2023-07-07 20:00:00,32.045674468878936
2023-07-07 21:00:00,35.5401219772081
2023-07-07 22:00:00,31.751784555977892
2023-07-07 23:00:00,28.922123727638823
2023-07-08 00:00:00,31.77196449207693
2023-07-08 01:00:00,33.32611074174872
2023-07-08 02:00:00,32.46144654359209
2023-07-08 03:00:00,31.521822093321894
2023-07-08 04:00:00,33.20002406876746
2023-07-08 05:00:00,33.50788677133702
2023-07-08 06:00:00,34.146476973112584
2023-07-08 07:00:00,31.94612966276893
2023-07-08 08:00:00,29.498645759049438
2023-07-08 09:00:00,30.440141059299968
2023-07-08 10:00:00,33.61952689952507
2023-07-08 11:00:00,27.549192987038293
2023-07-08 12:00:00,31.106019926618703
2023-07-08 13:00:00,28.819983563017917
2023-07-08 14:00:00,30.086234468804452
2023-07-08 15:00:00,33.835355587821894
2023-07-08 16:00:00,30.57329720405971
2023-07-08 17:00:00,30.139309644468447
2023-07-08 18:00:00,25.920431577060242
2023-07-08 19:00:00,32.23876069808166
2023-07-08 20:00:00,31.936452543423226
2023-07-08 21:00:00,36.489764169916384
2023-07-08 22:00:00,29.076665295140998
2023-07-08 23:00:00,30.65745098299182
2023-07-09 00:00:00,30.748151051132265
2023-07-09 01:00:00,34.732359839290424
2023-07-09 02:00:00,29.714113402839143
2023-07-09 03:00:00,30.83706457731102
2023-07-09 04:00:00,31.82368952914962
2023-07-09 05:00:00,30.559827369469076
2023-07-09 06:00:00,28.660699156348414
2023-07-09 07:00:00,30.582269978694924
2023-07-09 08:00:00,33.220895249579314
2023-07-09 09:00:00,26.92045410176682
2023-07-09 10:00:00,30.398909022440627
2023-07-09 11:00:00,27.89963755518248
2023-07-09 12:00:00,33.58513988677453
2023-07-09 13:00:00,25.430439285648674
2023-07-09 14:00:00,28.323234458185233
2023-07-09 15:00:00,31.131635625193564
2023-07-09 16:00:00,34.69657208770302
2023-07-09 17:00:00,29.802749216781038
2023-07-09 18:00:00,28.334401419920404
2023-07-09 19:00:00,35.64347120832177
2023-07-09 20:00:00,25.65595829875127
2023-07-09 21:00:00,23.403582130139753
2023-07-09 22:00:00,31.32004335016
2023-07-09 23:00:00,28.493837326942167
2023-07-10 00:00:00,26.93630154860786
2023-07-10 01:00:00,32.12506934189806
2023-07-10 02:00:00,30.731402141313595
2023-07-10 03:00:00,28.307764107789815
2023-07-10 04:00:00,26.159086803987318
2023-07-10 05:00:00,32.61737198484043
2023-07-10 06:00:00,31.950603533875984
2023-07-10 07:00:00,29.70247240866185
2023-07-10 08:00:00,35.539910988143
2023-07-10 09:00:00,26.78974570102154
2023-07-10 10:00:00,25.423424487225784
2023-07-10 11:00:00,27.924275790356266
2023-07-10 12:00:00,29.863241950933507
2023-07-10 13:00:00,30.730018347968077
2023-07-10 14:00:00,29.27629182643101
2023-07-10 15:00:00,31.05616618954289
2023-07-10 16:00:00,26.24538172742867
2023-07-10 17:00:00,34.331293812219776
2023-07-10 18:00:00,29.753546464822293
2023-07-10 19:00:00,33.351887494764384
2023-07-10 20:00:00,31.02817603913311
2023-07-10 21:00:00,31.37025965746135
2023-07-10 22:00:00,31.70930184069661
2023-07-10 23:00:00,31.343125680051944
2023-07-11 00:00:00,31.92816827960263
2023-07-11 01:00:00,33.98745759039729
2023-07-11 02:00:00,30.589563509104412
2023-07-11 03:00:00,32.127011272765536
2023-07-11 04:00:00,29.73079291713832
2023-07-11 05:00:00,34.32035164634842
2023-07-11 06:00:00,27.97082309382219
2023-07-11 07:00:00,35.40282129873245
2023-07-11 08:00:00,29.87952614806697
2023-07-11 09:00:00,25.707674693645856
2023-07-11 10:00:00,30.38431324473237
2023-07-11 11:00:00,27.95684502757536
2023-07-11 12:00:00,32.52193064696617
2023-07-11 13:00:00,28.04212806209283
2023-07-11 14:00:00,28.66144970035566
2023-07-11 15:00:00,24.331377807163406
2023-07-11 16:00:00,28.64308104225277
2023-07-11 17:00:00,22.72836202011313
2023-07-11 18:00:00,25.24829152954283
2023-07-11 19:00:00,32.28124396843289
2023-07-11 20:00:00,32.357400475952495
2023-07-11 21:00:00,31.276372685354893
2023-07-11 22:00:00,27.09907157061236
2023-07-11 23:00:00,29.85686593157406
2023-07-12 00:00:00,29.989192382728294
2023-07-12 01:00:00,26.52490593242237
2023-07-12 02:00:00,34.510194905301454
2023-07-12 03:00:00,32.63208687172701
2023-07-12 04:00:00,29.337107478511008
2023-07-12 05:00:00,39.08065751698359
2023-07-12 06:00:00,39.62514842384266
2023-07-12 07:00:00,32.87479539472713
2023-07-12 08:00:00,38.25846785243821
2023-07-12 09:00:00,36.954047256006604
2023-07-12 10:00:00,35.99513997031525
2023-07-12 11:00:00,38.156699121342136
2023-07-12 12:00:00,44.39305958054857
2023-07-12 13:00:00,40.922528583801025
2023-07-12 14:00:00,37.28646303065161
2023-07-12 15:00:00,40.717748344068475
2023-07-12 16:00:00,43.198066309758005
2023-07-12 17:00:00,41.77390104873831
2023-07-12 18:00:00,39.17889110976052
2023-07-12 19:00:00,37.05918966688328
2023-07-12 20:00:00,41.09466994084077
2023-07-12 21:00:00,40.18045615626525
2023-07-12 22:00:00,41.6855796600832
2023-07-12 23:00:00,40.905515405045904
2023-07-13 00:00:00,42.148658145958
2023-07-13 01:00:00,37.394294365318295
2023-07-13 02:00:00,42.952182196902974
2023-07-13 03:00:00,39.5927988140772
2023-07-13 04:00:00,45.225782617875794
2023-07-13 05:00:00,36.93243654573129
2023-07-13 06:00:00,44.207891409495744
2023-07-13 07:00:00,39.59373235038794
2023-07-13 08:00:00,37.04574598915666
2023-07-13 09:00:00,37.548342497837034
2023-07-13 10:00:00,38.03895807541704
2023-07-13 11:00:00,40.27249783920575
2023-07-13 12:00:00,40.5685064641065
2023-07-13 13:00:00,37.278899988184264
2023-07-13 14:00:00,38.926936223217055
2023-07-13 15:00:00,45.42681107583559
2023-07-13 16:00:00,44.182629510302135
2023-07-13 17:00:00,40.308971009022095
2023-07-13 18:00:00,39.1140104345046
2023-07-13 19:00:00,39.36009398015479
2023-07-13 20:00:00,40.84055391819125
2023-07-13 21:00:00,35.93162230440478
2023-07-13 22:00:00,38.227870387729965
2023-07-13 23:00:00,33.99424777836723
2023-07-14 00:00:00,40.197669367815834
2023-07-14 01:00:00,40.94158781910822
2023-07-14 02:00:00,37.55044061310188
2023-07-14 03:00:00,43.7219602898701
2023-07-14 04:00:00,35.322703010992974
2023-07-14 05:00:00,25.60687535937054
2023-07-14 06:00:00,30.673355455679918
2023-07-14 07:00:00,33.14129490783646
2023-07-14 08:00:00,35.0517830743736
2023-07-14 09:00:00,28.62334721139318
2023-07-14 10:00:00,33.236042500293884
2023-07-14 11:00:00,29.884474591497877
2023-07-14 12:00:00,29.48211810017754
2023-07-14 13:00:00,32.650979812460015
2023-07-14 14:00:00,31.95696863524026
2023-07-14 15:00:00,25.270823529047252
2023-07-14 16:00:00,34.42962104917768
2023-07-14 17:00:00,34.14027406244236
2023-07-14 18:00:00,28.12331189547141
2023-07-14 19:00:00,31.187410600312226
2023-07-14 20:00:00,31.482090558848217
2023-07-14 21:00:00,30.782021297471722
2023-07-14 22:00:00,28.34908453846374
2023-07-14 23:00:00,27.985129896185846
2023-07-15 00:00:00,29.923337787025662
2023-07-15 01:00:00,33.51818705777809
2023-07-15 02:00:00,31.630800463783295
2023-07-15 03:00:00,28.888157003741682
2023-07-15 04:00:00,32.31509613194503
2023-07-15 05:00:00,21.454372138109775
2023-07-15 06:00:00,33.44629710111631
2023-07-15 07:00:00,24.7808586636657
2023-07-15 08:00:00,28.912677175790602
2023-07-15 09:00:00,26.640990316121567
2023-07-15 10:00:00,26.115955572837283
2023-07-15 11:00:00,33.48248036213556
2023-07-15 12:00:00,28.596896396064327
2023-07-15 13:00:00,31.039511645192146
2023-07-15 14:00:00,29.85923826336245
2023-07-15 15:00:00,31.431122481669366
2023-07-15 16:00:00,30.230465673180767
2023-07-15 17:00:00,26.15102332743429
2023-07-15 18:00:00,32.98880045834142
2023-07-15 19:00:00,28.51873025051606
2023-07-15 20:00:00,25.330254304020748
2023-07-15 21:00:00,28.715654517102262
2023-07-15 22:00:00,34.50227937190293
2023-07-15 23:00:00,32.55066522634048
2023-07-16 00:00:00,28.954043596776422
2023-07-16 01:00:00,28.952226887044713
2023-07-16 02:00:00,29.035094846347853
2023-07-16 03:00:00,36.23024395068252
2023-07-16 04:00:00,31.14580635669466
2023-07-16 05:00:00,31.290124941573207
2023-07-16 06:00:00,33.09085036209552
2023-07-16 07:00:00,30.71636747707954
2023-07-16 08:00:00,29.22287356253789
2023-07-16 09:00:00,29.410950452745066
2023-07-16 10:00:00,29.785196221757808
2023-07-16 11:00:00,29.888333290470474
2023-07-16 12:00:00,32.18288863091094
2023-07-16 13:00:00,30.1558376574219
2023-07-16 14:00:00,32.19792023164674
2023-07-16 15:00:00,29.757850259674253
2023-07-16 16:00:00,30.235905570948272
2023-07-16 17:00:00,24.005397946403676
2023-07-16 18:00:00,32.748983024107446
2023-07-16 19:00:00,31.03946542769398
2023-07-16 20:00:00,32.994030329578955
2023-07-16 21:00:00,21.311233865418934
2023-07-16 22:00:00,36.265124114342186
2023-07-16 23:00:00,29.58123111553448
2023-07-17 00:00:00,33.324548450212546
2023-07-17 01:00:00,26.880282218623407
2023-07-17 02:00:00,31.83832171518771
2023-07-17 03:00:00,26.839753310479033
2023-07-17 04:00:00,28.128693117912583
2023-07-17 05:00:00,35.742094061600355
2023-07-17 06:00:00,29.42795279770996
2023-07-17 07:00:00,30.65229861953917
2023-07-17 08:00:00,32.610203192066265
2023-07-17 09:00:00,31.487045663917815
2023-07-17 10:00:00,30.45125671543073
2023-07-17 11:00:00,31.094883007398675
2023-07-17 12:00:00,37.21024675571483
2023-07-17 13:00:00,29.827143608899245
2023-07-17 14:00:00,30.603297140144903
2023-07-17 15:00:00,33.15196318802283
2023-07-17 16:00:00,33.31657779887395
2023-07-17 17:00:00,33.56109091668114
2023-07-17 18:00:00,31.916190666087555
2023-07-17 19:00:00,26.57098526180855
2023-07-17 20:00:00,34.90029459690329
2023-07-17 21:00:00,26.560963820943936
2023-07-17 22:00:00,30.9079063957171
2023-07-17 23:00:00,27.737172449941927
2023-07-18 00:00:00,29.80758496022102
2023-07-18 01:00:00,30.986287230910442
2023-07-18 02:00:00,30.96407164635082
2023-07-18 03:00:00,31.265762262705856
2023-07-18 04:00:00,34.84113380717594
2023-07-18 05:00:00,31.36060290454194
2023-07-18 06:00:00,29.267530094128055
2023-07-18 07:00:00,32.892261504865075
2023-07-18 08:00:00,33.568411466773924
2023-07-18 09:00:00,26.31717655458902
2023-07-18 10:00:00,31.792200209549573
2023-07-18 11:00:00,32.10351822693269
2023-07-18 12:00:00,29.107309489920024
2023-07-18 13:00:00,34.127120439934856
2023-07-18 14:00:00,29.54983323890242
2023-07-18 15:00:00,30.376729360414625
2023-07-18 16:00:00,29.48078452714839
2023-07-18 17:00:00,30.0467371427444
2023-07-18 18:00:00,26.711174739314394
2023-07-18 19:00:00,25.679847352217116
2023-07-18 20:00:00,34.783515189674915
2023-07-18 21:00:00,27.459115955045018
2023-07-18 22:00:00,27.025822951631078
2023-07-18 23:00:00,23.539829659188854
2023-07-19 00:00:00,28.083114756931494
2023-07-19 01:00:00,26.030730619777504
2023-07-19 02:00:00,34.92604548040911
2023-07-19 03:00:00,33.029451268027906
2023-07-19 04:00:00,27.93554896446683
2023-07-19 05:00:00,36.75730741603293
2023-07-19 06:00:00,32.94529646097478
2023-07-19 07:00:00,29.025505849474133
2023-07-19 08:00:00,22.501782855379282
2023-07-19 09:00:00,36.872827717772225
2023-07-19 10:00:00,25.831282599709212
2023-07-19 11:00:00,25.063803759129325
2023-07-19 12:00:00,33.06771129602892
2023-07-19 13:00:00,37.31925721901782
2023-07-19 14:00:00,34.15281845553155
2023-07-19 15:00:00,31.691727360157078
2023-07-19 16:00:00,31.78426302499586
2023-07-19 17:00:00,32.560246676340924
2023-07-19 18:00:00,32.276785769360295
2023-07-19 19:00:00,30.84357427190813
2023-07-19 20:00:00,30.31260331185563
2023-07-19 21:00:00,29.81222061630143
2023-07-19 22:00:00,27.73810623339997
2023-07-19 23:00:00,29.15797476939968
2023-07-20 00:00:00,24.921129557413842
2023-07-20 01:00:00,29.704981119615752
2023-07-20 02:00:00,27.03422667854725
2023-07-20 03:00:00,26.689232048352686
2023-07-20 04:00:00,30.539682453460436
2023-07-20 05:00:00,34.1760068590338
2023-07-20 06:00:00,32.75494981800694
2023-07-20 07:00:00,25.28849818913047
2023-07-20 08:00:00,27.031115590288987
2023-07-20 09:00:00,32.82231356396465
2023-07-20 10:00:00,27.052537819385073
2023-07-20 11:00:00,29.326100550008928
2023-07-20 12:00:00,31.650156297073657
2023-07-20 13:00:00,27.094966635409094
2023-07-20 14:00:00,30.31612651843788
2023-07-20 15:00:00,25.997923515245386
2023-07-20 16:00:00,28.19589706814636
2023-07-20 17:00:00,30.95934580242761
2023-07-20 18:00:00,25.22101879940499
2023-07-20 19:00:00,31.321424213881198
2023-07-20 20:00:00,29.941086603219958
2023-07-20 21:00:00,31.657469863251443
2023-07-20 22:00:00,30.671742402193985
2023-07-20 23:00:00,34.09242128992153
2023-07-21 00:00:00,30.375673507943723
2023-07-21 01:00:00,28.71178337662424
2023-07-21 02:00:00,30.36689250909685
2023-07-21 03:00:00,31.629894087109165
2023-07-21 04:00:00,30.146580210977113
2023-07-21 05:00:00,30.121775073611648
2023-07-21 06:00:00,27.894024936579733
2023-07-21 07:00:00,28.011297247347155
2023-07-21 08:00:00,25.79218418460092
2023-07-21 09:00:00,35.24873022956082
2023-07-21 10:00:00,26.268410293826143
2023-07-21 11:00:00,27.92128440661228
2023-07-21 12:00:00,27.844778203292407
2023-07-21 13:00:00,32.68477313083332
2023-07-21 14:00:00,29.115150965123917
2023-07-21 15:00:00,33.7432262180212
2023-07-21 16:00:00,27.979528127268395
2023-07-21 17:00:00,30.836982486671406
2023-07-21 18:00:00,27.493958840220728
2023-07-21 19:00:00,36.43544738332017
2023-07-21 20:00:00,26.43720474291146
2023-07-21 21:00:00,30.92946213068108
2023-07-21 22:00:00,31.901330642796296
2023-07-21 23:00:00,31.241397292354495
2023-07-22 00:00:00,29.444137023366874
2023-07-22 01:00:00,29.61053790079972
2023-07-22 02:00:00,30.131434415937328
2023-07-22 03:00:00,29.558993995114534
2023-07-22 04:00:00,32.89163735038473
2023-07-22 05:00:00,36.63156900477405
2023-07-22 06:00:00,28.3275246449765
2023-07-22 07:00:00,25.890591061262768
2023-07-22 08:00:00,29.735153854946237
2023-07-22 09:00:00,37.73912801296296
2023-07-22 10:00:00,27.588976296090806
2023-07-22 11:00:00,34.917350416332205
2023-07-22 12:00:00,35.03310244222932
2023-07-22 13:00:00,28.339235274876017
2023-07-22 14:00:00,31.706949237555826
2023-07-22 15:00:00,34.88518986938561
2023-07-22 16:00:00,28.862616777037537
2023-07-22 17:00:00,29.389258919692914
2023-07-22 18:00:00,28.254957258154068
2023-07-22 19:00:00,26.9557298079214
2023-07-22 20:00:00,28.052167364801978
2023-07-22 21:00:00,26.32817919971323
2023-07-22 22:00:00,30.102250404777678
2023-07-22 23:00:00,27.690080306824076
2023-07-23 00:00:00,30.701357735372245
2023-07-23 01:00:00,25.33231306138912
2023-07-23 02:00:00,30.99264069664337
2023-07-23 03:00:00,32.500586884826774
2023-07-23 04:00:00,24.018793072285632
2023-07-23 05:00:00,31.122169709542717
2023-07-23 06:00:00,33.68300697741988
2023-07-23 07:00:00,26.371076943926383
2023-07-23 08:00:00,35.01771716051311
2023-07-23 09:00:00,31.257057028098135
2023-07-23 10:00:00,27.88496443272477
2023-07-23 11:00:00,29.83269276702688
2023-07-23 12:00:00,31.674980737565168
2023-07-23 13:00:00,30.228016174237233
2023-07-23 14:00:00,31.616267977339106
2023-07-23 15:00:00,27.2379792207619
2023-07-23 16:00:00,30.508082472108235
2023-07-23 17:00:00,25.75885650928506
2023-07-23 18:00:00,29.6663218159539
2023-07-23 19:00:00,27.28827707560563
2023-07-23 20:00:00,27.7934101722307
2023-07-23 21:00:00,33.70827952563131
2023-07-23 22:00:00,33.27393036178281
2023-07-23 23:00:00,31.82741436272153
2023-07-24 00:00:00,26.723061705982264
2023-07-24 01:00:00,29.050774650915596
2023-07-24 02:00:00,33.63929309993755
2023-07-24 03:00:00,30.425150740919715
2023-07-24 04:00:00,36.957988619945084
2023-07-24 05:00:00,31.179953518183115
2023-07-24 06:00:00,30.576147349470094
2023-07-24 07:00:00,29.072650607392497
2023-07-24 08:00:00,30.40062271434685
2023-07-24 09:00:00,29.54259049085837
2023-07-24 10:00:00,32.124326030065774
2023-07-24 11:00:00,32.87010695038375
2023-07-24 12:00:00,27.642031618476153
2023-07-24 13:00:00,26.006301139326666
2023-07-24 14:00:00,24.49138388069011
2023-07-24 15:00:00,31.52397398073763
2023-07-24 16:00:00,26.68990018147838
2023-07-24 17:00:00,23.54132822114255
2023-07-24 18:00:00,31.165735813592892
2023-07-24 19:00:00,37.47899855229837
2023-07-24 20:00:00,29.98178726538032
2023-07-24 21:00:00,32.51547232335493
2023-07-24 22:00:00,30.245488075642694
2023-07-24 23:00:00,29.703331040426573
2023-07-25 00:00:00,32.75722944896331
2023-07-25 01:00:00,29.129176367434045
2023-07-25 02:00:00,30.80217694221571
2023-07-25 03:00:00,30.96509341858804
2023-07-25 04:00:00,27.995728639070855
2023-07-25 05:00:00,32.97612704860957
2023-07-25 06:00:00,29.475120729913773
2023-07-25 07:00:00,27.732764521521467
2023-07-25 08:00:00,31.60952953071121
2023-07-25 09:00:00,27.304596054626888
2023-07-25 10:00:00,30.084543472107384
2023-07-25 11:00:00,29.97264301006739
2023-07-25 12:00:00,33.257686697494734
2023-07-25 13:00:00,31.42409469863986
2023-07-25 14:00:00,29.924919123764568
2023-07-25 15:00:00,32.45329889760086
2023-07-25 16:00:00,34.17062264705194
2023-07-25 17:00:00,31.673430919055587
2023-07-25 18:00:00,30.03105785953014
2023-07-25 19:00:00,26.06449130294952
2023-07-25 20:00:00,26.804659010773882
2023-07-25 21:00:00,29.084325886935996
2023-07-25 22:00:00,28.17146339352215
2023-07-25 23:00:00,29.439086091043663
2023-07-26 00:00:00,30.16994977469132
2023-07-26 01:00:00,31.589078263070192
2023-07-26 02:00:00,29.788503665822727
2023-07-26 03:00:00,31.459504931478605
2023-07-26 04:00:00,30.19342324443036
2023-07-26 05:00:00,24.073600300938388
2023-07-26 06:00:00,27.181993818543738
2023-07-26 07:00:00,29.567737332835154
2023-07-26 08:00:00,26.370915771476678
2023-07-26 09:00:00,31.799786189988613
2023-07-26 10:00:00,34.59225249703109
2023-07-26 11:00:00,33.65628555509195
2023-07-26 12:00:00,29.359671387209374
2023-07-26 13:00:00,34.47217841054986
2023-07-26 14:00:00,30.446002371606333
2023-07-26 15:00:00,28.988742086645882
2023-07-26 16:00:00,28.15979200937718
2023-07-26 17:00:00,29.092590940535615
2023-07-26 18:00:00,28.835469544376313
2023-07-26 19:00:00,30.511248667126463
2023-07-26 20:00:00,30.481721943149594
2023-07-26 21:00:00,30.009138060460245
2023-07-26 22:00:00,31.310814509239048
2023-07-26 23:00:00,33.57193882435902
2023-07-27 00:00:00,32.84866240632397
2023-07-27 01:00:00,25.54530609465029
2023-07-27 02:00:00,22.338236595294134
2023-07-27 03:00:00,32.80295973371782
2023-07-27 04:00:00,25.899363904753738
2023-07-27 05:00:00,29.32570379432195
2023-07-27 06:00:00,26.489660921821923
2023-07-27 07:00:00,24.594058687259942
2023-07-27 08:00:00,31.624388184614364
2023-07-27 09:00:00,32.27746548090794
2023-07-27 10:00:00,28.27046879781984
2023-07-27 11:00:00,22.22687312356527
2023-07-27 12:00:00,28.361266655242552
2023-07-27 13:00:00,31.17541201620764
2023-07-27 14:00:00,25.563265293677613
2023-07-27 15:00:00,30.550079759337468
2023-07-27 16:00:00,29.954070452481012
2023-07-27 17:00:00,31.737874498803265
2023-07-27 18:00:00,30.35874110524246
2023-07-27 19:00:00,27.080793177355332
2023-07-27 20:00:00,33.589714504993474
2023-07-27 21:00:00,29.52441128091909
2023-07-27 22:00:00,29.918086381470204
2023-07-27 23:00:00,27.20019612278041
2023-07-28 00:00:00,28.670153246425468
2023-07-28 01:00:00,27.345591857919295
2023-07-28 02:00:00,29.48116182022973
2023-07-28 03:00:00,35.13512544042703
2023-07-28 04:00:00,25.88429657120593
2023-07-28 05:00:00,25.159315806369776
2023-07-28 06:00:00,34.41351098248083
2023-07-28 07:00:00,29.372028968544402
2023-07-28 08:00:00,27.992781784020252
2023-07-28 09:00:00,33.11971406218823
2023-07-28 10:00:00,28.183153380789406
2023-07-28 11:00:00,35.47802914064081
2023-07-28 12:00:00,32.03377761401781
2023-07-28 13:00:00,28.536265775562892
2023-07-28 14:00:00,36.47192463979651
2023-07-28 15:00:00,28.182855230989986
2023-07-28 16:00:00,32.22628611602792
2023-07-28 17:00:00,30.897877741219475
2023-07-28 18:00:00,33.905223868196394
2023-07-28 19:00:00,34.68453359018056
2023-07-28 20:00:00,30.0960124471973
2023-07-28 21:00:00,27.73974638896145
2023-07-28 22:00:00,31.37991642881735
2023-07-28 23:00:00,27.966853890743682
2023-07-29 00:00:00,36.04016174257987
2023-07-29 01:00:00,30.409605993248213
2023-07-29 02:00:00,28.904035346063672
2023-07-29 03:00:00,30.554040917594726
2023-07-29 04:00:00,25.95862113141091
2023-07-29 05:00:00,27.085157884468046
2023-07-29 06:00:00,33.601241723833276
2023-07-29 07:00:00,28.029317163085814
2023-07-29 08:00:00,26.85926705195418
2023-07-29 09:00:00,31.60995825758186
2023-07-29 10:00:00,33.55711246398899
2023-07-29 11:00:00,32.1568599319952
2023-07-29 12:00:00,32.988143057417446
2023-07-29 13:00:00,27.729614734291616
2023-07-29 14:00:00,25.73456799977447
2023-07-29 15:00:00,34.50400095586646
2023-07-29 16:00:00,29.031960483473593
2023-07-29 17:00:00,29.24750095063486
2023-07-29 18:00:00,33.984582425547174
2023-07-29 19:00:00,31.66869002820198
2023-07-29 20:00:00,31.367663316244823
2023-07-29 21:00:00,36.49500703470325
2023-07-29 22:00:00,28.06944530885957
2023-07-29 23:00:00,32.783520384243715
2023-07-30 00:00:00,30.171039374691254
2023-07-30 01:00:00,30.80577683658977
2023-07-30 02:00:00,34.58540527923759
2023-07-30 03:00:00,31.523507268868872
2023-07-30 04:00:00,31.6148882371489
2023-07-30 05:00:00,33.217522011929404
2023-07-30 06:00:00,28.905141811371344
2023-07-30 07:00:00,27.482370997982983
2023-07-30 08:00:00,26.8655724179369
2023-07-30 09:00:00,24.100930231871995
2023-07-30 10:00:00,36.16862138982097
2023-07-30 11:00:00,26.69037490283495
2023-07-30 12:00:00,29.336239129242685
2023-07-30 13:00:00,29.16956010033324
2023-07-30 14:00:00,30.922220093427303
2023-07-30 15:00:00,32.44721163761789
2023-07-30 16:00:00,32.58142046507923
2023-07-30 17:00:00,28.250767684293184
2023-07-30 18:00:00,29.498634858640767
2023-07-30 19:00:00,30.847739851464897
2023-07-30 20:00:00,29.25392662144936
2023-07-30 21:00:00,34.82203672805998
2023-07-30 22:00:00,31.472924854914755
2023-07-30 23:00:00,32.20463335814945
2023-07-31 00:00:00,31.988643806002237
2023-07-31 01:00:00,33.52042157245597
2023-07-31 02:00:00,30.543064676111122
2023-07-31 03:00:00,26.10950415613246
2023-07-31 04:00:00,31.199063855257926
2023-07-31 05:00:00,28.045929318624513
2023-07-31 06:00:00,28.41414995475073
2023-07-31 07:00:00,31.75909205626528
2023-07-31 08:00:00,33.714849214300905
2023-07-31 09:00:00,30.063814730208186
2023-07-31 10:00:00,30.92649903779689
2023-07-31 11:00:00,35.10664483390571
2023-07-31 12:00:00,30.722259538465703
2023-07-31 13:00:00,37.80504934254118
2023-07-31 14:00:00,31.696528936894634
2023-07-31 15:00:00,24.71771172253255
2023-07-31 16:00:00,32.260024863313596
2023-07-31 17:00:00,31.143475154648332
2023-07-31 18:00:00,33.86925826224824
2023-07-31 19:00:00,32.019544053809874
2023-07-31 20:00:00,29.58463204804868
2023-07-31 21:00:00,26.327105291131904
2023-07-31 22:00:00,29.372930228141925
2023-07-31 23:00:00,27.4484386373721
2023-08-01 00:00:00,28.258429650585832
2023-08-01 01:00:00,31.765735213261827
2023-08-01 02:00:00,35.00971351305422
2023-08-01 03:00:00,31.184014589468944
2023-08-01 04:00:00,26.41235081389445
2023-08-01 05:00:00,31.333808004660423
2023-08-01 06:00:00,33.58989445993696
2023-08-01 07:00:00,28.170651287041853
2023-08-01 08:00:00,29.597948499981246
2023-08-01 09:00:00,30.04406458418759
2023-08-01 10:00:00,27.64530506075328
2023-08-01 11:00:00,31.94484130153158
2023-08-01 12:00:00,29.637155554176655
2023-08-01 13:00:00,31.258597331721084
2023-08-01 14:00:00,27.3375234665937
2023-08-01 15:00:00,28.68762509902977
2023-08-01 16:00:00,32.167144073483314
2023-08-01 17:00:00,28.881500543724698
2023-08-01 18:00:00,35.180891553700214
2023-08-01 19:00:00,28.801091443156192
2023-08-01 20:00:00,30.67405417725566
2023-08-01 21:00:00,32.79777249561927
2023-08-01 22:00:00,25.744902801200904
2023-08-01 23:00:00,24.717573564057673
2023-08-02 00:00:00,25.423031056289716
2023-08-02 01:00:00,33.78775231028155
2023-08-02 02:00:00,28.34442556232266
2023-08-02 03:00:00,37.674597857004755
2023-08-02 04:00:00,28.307257204027835
2023-08-02 05:00:00,30.553653909591112
2023-08-02 06:00:00,34.626329857703624
2023-08-02 07:00:00,36.01827866447737
2023-08-02 08:00:00,36.18451072990919
2023-08-02 09:00:00,33.62509869177943
2023-08-02 10:00:00,33.072187577434384
2023-08-02 11:00:00,31.77758084760355
2023-08-02 12:00:00,32.33508322849991
2023-08-02 13:00:00,28.346442851014398
2023-08-02 14:00:00,27.54540334973308
2023-08-02 15:00:00,29.989876627767146
2023-08-02 16:00:00,29.489446132425215
2023-08-02 17:00:00,28.640315852018176
2023-08-02 18:00:00,32.089162342370145
2023-08-02 19:00:00,32.86591562571153
2023-08-02 20:00:00,30.265220658875542
2023-08-02 21:00:00,34.432590243165784
2023-08-02 22:00:00,26.574932657599483
2023-08-02 23:00:00,29.419021622160844
2023-08-03 00:00:00,27.849533038191584
2023-08-03 01:00:00,24.400390148780822
2023-08-03 02:00:00,29.7519579424719
2023-08-03 03:00:00,29.63475747485015
2023-08-03 04:00:00,34.540349229726395
2023-08-03 05:00:00,31.892435053664332
2023-08-03 06:00:00,26.927439527012385
2023-08-03 07:00:00,35.562277699002564
2023-08-03 08:00:00,33.663101086576056
2023-08-03 09:00:00,31.746293110405848
2023-08-03 10:00:00,29.320547703450504
2023-08-03 11:00:00,27.12168228982956
2023-08-03 12:00:00,28.88337967178684
2023-08-03 13:00:00,33.26624585911256
2023-08-03 14:00:00,35.65375891780383
2023-08-03 15:00:00,34.62973058481657
2023-08-03 16:00:00,28.533451734641176
2023-08-03 17:00:00,26.641147700132965
2023-08-03 18:00:00,30.422658740733613
2023-08-03 19:00:00,24.694681903311444
2023-08-03 20:00:00,30.969503142554345
2023-08-03 21:00:00,29.557192241103994
2023-08-03 22:00:00,28.601890494395274
2023-08-03 23:00:00,25.215890798199613
2023-08-04 00:00:00,31.54080031970915
2023-08-04 01:00:00,28.401897481014267
2023-08-04 02:00:00,26.490249492869136
2023-08-04 03:00:00,21.383213360155054
2023-08-04 04:00:00,29.917455284848092
2023-08-04 05:00:00,35.316754790009234
2023-08-04 06:00:00,34.983777643643606
2023-08-04 07:00:00,28.628711230241183
2023-08-04 08:00:00,28.19336381891466
2023-08-04 09:00:00,31.40632276822507
2023-08-04 10:00:00,27.004843682435126
2023-08-04 11:00:00,30.905375699458396
2023-08-04 12:00:00,32.29824083515407
2023-08-04 13:00:00,33.68079967165292
2023-08-04 14:00:00,29.69953777056014
2023-08-04 15:00:00,29.388978749469103
2023-08-04 16:00:00,27.366052239730315
2023-08-04 17:00:00,27.51935893788042
2023-08-04 18:00:00,29.32056332429542
2023-08-04 19:00:00,31.102096520448534
2023-08-04 20:00:00,32.74075387869975
2023-08-04 21:00:00,27.590463147958964
2023-08-04 22:00:00,34.47806570687857
2023-08-04 23:00:00,29.186629196872293
2023-08-05 00:00:00,29.935898116954693
2023-08-05 01:00:00,27.75836496255653
2023-08-05 02:00:00,22.727279219181177
2023-08-05 03:00:00,32.65213618908315
2023-08-05 04:00:00,32.210531691277296
2023-08-05 05:00:00,29.15601732864536
2023-08-05 06:00:00,30.200972151674616
2023-08-05 07:00:00,31.547817653112297
2023-08-05 08:00:00,25.31236242934037
2023-08-05 09:00:00,28.412841967961114
2023-08-05 10:00:00,32.382794038865484
2023-08-05 11:00:00,26.23713173049225
2023-08-05 12:00:00,30.880673796499888
2023-08-05 13:00:00,25.930254586129784
2023-08-05 14:00:00,31.39928994730058
2023-08-05 15:00:00,29.89307555310755
2023-08-05 16:00:00,25.154604552283473
2023-08-05 17:00:00,33.49421806337151
2023-08-05 18:00:00,27.796225269605852
2023-08-05 19:00:00,27.569242688956855
2023-08-05 20:00:00,30.60170759169283
2023-08-05 21:00:00,33.44591204828615
2023-08-05 22:00:00,26.952534543064807
2023-08-05 23:00:00,30.185039549543916
2023-08-06 00:00:00,31.28644950099172
2023-08-06 01:00:00,32.07931682178943
2023-08-06 02:00:00,30.529324665831677
2023-08-06 03:00:00,28.89891648275003
2023-08-06 04:00:00,27.51722933805384
2023-08-06 05:00:00,30.258431649139123
2023-08-06 06:00:00,26.78358296404318
2023-08-06 07:00:00,21.235948549516177
2023-08-06 08:00:00,31.309679412473002
2023-08-06 09:00:00,32.711804523258586
2023-08-06 10:00:00,22.911202693374484
2023-08-06 11:00:00,26.970807885870187
2023-08-06 12:00:00,31.857462783015592
2023-08-06 13:00:00,36.1724864091351
2023-08-06 14:00:00,30.062381123026224
2023-08-06 15:00:00,27.815991176312597
2023-08-06 16:00:00,29.45131067668548
2023-08-06 17:00:00,34.12462925744455
2023-08-06 18:00:00,28.062107462626393
2023-08-06 19:00:00,27.602423980049238
2023-08-06 20:00:00,28.551769433453902
2023-08-06 21:00:00,27.14001417522386
2023-08-06 22:00:00,30.368010947984388
2023-08-06 23:00:00,34.87403537540868
2023-08-07 00:00:00,30.969237819348088
2023-08-07 01:00:00,29.242939493621137
2023-08-07 02:00:00,29.12456619325337
2023-08-07 03:00:00,25.31042757391003
2023-08-07 04:00:00,32.64932933144148
2023-08-07 05:00:00,29.766488408961592
2023-08-07 06:00:00,29.458560259228122
2023-08-07 07:00:00,39.57932270353459
2023-08-07 08:00:00,30.89625872509706
2023-08-07 09:00:00,27.744626849714447
2023-08-07 10:00:00,28.72092721138337
2023-08-07 11:00:00,33.445337127590264
2023-08-07 12:00:00,30.339811231613293
2023-08-07 13:00:00,25.685166065047902
2023-08-07 14:00:00,32.75768680372561
2023-08-07 15:00:00,27.995567743383017
2023-08-07 16:00:00,35.61989332865264
2023-08-07 17:00:00,33.24014419714395
2023-08-07 18:00:00,28.658034313023748
2023-08-07 19:00:00,33.84304908520534
2023-08-07 20:00:00,30.20356653158221
2023-08-07 21:00:00,32.55832102536666
2023-08-07 22:00:00,31.454198451883425
2023-08-07 23:00:00,27.46093003502738
2023-08-08 00:00:00,28.069350503047612
2023-08-08 01:00:00,33.08988245274348
2023-08-08 02:00:00,28.995674003680378
2023-08-08 03:00:00,28.78905461027401
2023-08-08 04:00:00,27.134632261951943
2023-08-08 05:00:00,31.270797196780382
2023-08-08 06:00:00,36.187574757729436
2023-08-08 07:00:00,26.797401257237183
2023-08-08 08:00:00,30.072658370018274
2023-08-08 09:00:00,34.23666166624629
2023-08-08 10:00:00,29.761075826262854
2023-08-08 11:00:00,31.3571153887492
2023-08-08 12:00:00,26.81281941555936
2023-08-08 13:00:00,31.284921291622947
2023-08-08 14:00:00,29.438567204986352
2023-08-08 15:00:00,32.95718998703959
2023-08-08 16:00:00,33.56215815469425
2023-08-08 17:00:00,37.76869092605584
2023-08-08 18:00:00,31.738899519640725
2023-08-08 19:00:00,30.977388949746498
2023-08-08 20:00:00,30.583152904732007
2023-08-08 21:00:00,28.940501121567934
2023-08-08 22:00:00,31.01545153038507
2023-08-08 23:00:00,29.11379576958291
2023-08-09 00:00:00,30.505382928808842
2023-08-09 01:00:00,33.95279260682388
2023-08-09 02:00:00,26.980372304161076
2023-08-09 03:00:00,33.419635683387135
2023-08-09 04:00:00,33.951345202019596
2023-08-09 05:00:00,29.645794419026764
2023-08-09 06:00:00,23.634435302974218
2023-08-09 07:00:00,28.176534038716703
2023-08-09 08:00:00,33.89098363968333
2023-08-09 09:00:00,29.931395813103354
2023-08-09 10:00:00,27.002093303115267
2023-08-09 11:00:00,28.48567523631535
2023-08-09 12:00:00,32.52186007951366
2023-08-09 13:00:00,31.640200704604137
2023-08-09 14:00:00,29.283203702490916
2023-08-09 15:00:00,28.899526764555937
2023-08-09 16:00:00,28.824725552868536
2023-08-09 17:00:00,27.23276944650449
2023-08-09 18:00:00,34.84612706840832
2023-08-09 19:00:00,29.03303859236598
2023-08-09 20:00:00,33.65147556247649
2023-08-09 21:00:00,34.563948155767356
2023-08-09 22:00:00,32.99493269444388
2023-08-09 23:00:00,28.705139061845856
2023-08-10 00:00:00,31.21119027100983
2023-08-10 01:00:00,29.92741318082725
2023-08-10 02:00:00,27.288894417809615
2023-08-10 03:00:00,30.97307784516481
2023-08-10 04:00:00,26.462880626520594
2023-08-10 05:00:00,33.56303816538469
2023-08-10 06:00:00,28.606148108104822
2023-08-10 07:00:00,30.603478967618518
2023-08-10 08:00:00,30.849863614638426
2023-08-10 09:00:00,29.22328507888777
2023-08-10 10:00:00,31.760081404425826
2023-08-10 11:00:00,28.575289030132428
2023-08-10 12:00:00,32.61389189237173
2023-08-10 13:00:00,25.962060959259755
2023-08-10 14:00:00,30.379138738639234
2023-08-10 15:00:00,35.81678699717485
2023-08-10 16:00:00,26.999006026183274
2023-08-10 17:00:00,27.966765088425447
2023-08-10 18:00:00,31.541723548976744
2023-08-10 19:00:00,30.538745345818793
2023-08-10 20:00:00,31.051890297820677
2023-08-10 21:00:00,31.46756139044299
2023-08-10 22:00:00,31.90416440568531
2023-08-10 23:00:00,33.32909952586867
2023-08-11 00:00:00,31.229455970785537
2023-08-11 01:00:00,29.276227036144373
2023-08-11 02:00:00,32.017721103608196
2023-08-11 03:00:00,35.699645804685645
2023-08-11 04:00:00,29.60209876085228
2023-08-11 05:00:00,27.076412085988075
2023-08-11 06:00:00,33.32124200786092
2023-08-11 07:00:00,29.638856508139206
2023-08-11 08:00:00,23.481991361957892
2023-08-11 09:00:00,32.542265031451265
2023-08-11 10:00:00,28.394015442138233
2023-08-11 11:00:00,29.728400153087517
2023-08-11 12:00:00,30.995940991707045
2023-08-11 13:00:00,30.571499039337198
2023-08-11 14:00:00,32.12835545141712
2023-08-11 15:00:00,28.69354088829047
2023-08-11 16:00:00,31.539317394528247
2023-08-11 17:00:00,29.221359967248247
2023-08-11 18:00:00,32.21643144266251
2023-08-11 19:00:00,31.846102452039162
2023-08-11 20:00:00,27.193683893866215
2023-08-11 21:00:00,33.257946348525095
2023-08-11 22:00:00,28.392109664657855
2023-08-11 23:00:00,32.424173394843436
2023-08-12 00:00:00,31.10186194020402
2023-08-12 01:00:00,35.51455103038537
2023-08-12 02:00:00,29.329602052884443
2023-08-12 03:00:00,28.952049611645407
2023-08-12 04:00:00,29.941741182336802
2023-08-12 05:00:00,29.090460651497175
2023-08-12 06:00:00,32.39982570582615
2023-08-12 07:00:00,25.151068174690238
2023-08-12 08:00:00,26.838952742560938
2023-08-12 09:00:00,26.79659123526242
2023-08-12 10:00:00,32.85092277592073
2023-08-12 11:00:00,35.131840117745774
2023-08-12 12:00:00,29.686652344387586
2023-08-12 13:00:00,29.49353483042997
2023-08-12 14:00:00,30.210156489339543
2023-08-12 15:00:00,33.48563490782457
2023-08-12 16:00:00,27.217940597428278
2023-08-12 17:00:00,30.715106948204355
2023-08-12 18:00:00,32.925592889347286
2023-08-12 19:00:00,31.503282509819535
2023-08-12 20:00:00,30.56874484979623
2023-08-12 21:00:00,33.003138277701424
2023-08-12 22:00:00,21.89030312100229
2023-08-12 23:00:00,32.03362595859272
2023-08-13 00:00:00,28.03777295061773
2023-08-13 01:00:00,24.50810130943063
2023-08-13 02:00:00,31.53360779857494
2023-08-13 03:00:00,34.120975635488875
2023-08-13 04:00:00,29.587654456116926
2023-08-13 05:00:00,39.858623641608816
2023-08-13 06:00:00,41.83683477396593
2023-08-13 07:00:00,40.94474336075214
2023-08-13 08:00:00,41.91989358811418
2023-08-13 09:00:00,39.22638247321568
2023-08-13 10:00:00,37.22630091670478
2023-08-13 11:00:00,32.194102564308494
2023-08-13 12:00:00,36.261812535610154
2023-08-13 13:00:00,34.47026021405142
2023-08-13 14:00:00,43.51282815249344
2023-08-13 15:00:00,36.47234256270299
2023-08-13 16:00:00,37.36961442035346
2023-08-13 17:00:00,38.6544561281214
2023-08-13 18:00:00,37.13080733911736
2023-08-13 19:00:00,42.08515312129226
2023-08-13 20:00:00,35.13205191479665
2023-08-13 21:00:00,37.583822365711725
2023-08-13 22:00:00,34.772588242905854
2023-08-13 23:00:00,33.03993246633788
2023-08-14 00:00:00,35.16469272728415
2023-08-14 01:00:00,36.88888960885477
2023-08-14 02:00:00,35.71209332644822
2023-08-14 03:00:00,34.92273706037843
2023-08-14 04:00:00,32.781047608984494
2023-08-14 05:00:00,36.75068328211391
2023-08-14 06:00:00,32.48583887790699
2023-08-14 07:00:00,39.28016789106881
2023-08-14 08:00:00,37.247319258803515
2023-08-14 09:00:00,32.627345501605205
2023-08-14 10:00:00,36.072372768850414
2023-08-14 11:00:00,34.74353078322825
2023-08-14 12:00:00,37.95752353125754
2023-08-14 13:00:00,41.02135133806944
2023-08-14 14:00:00,31.374482591062765
2023-08-14 15:00:00,37.34507823744225
2023-08-14 16:00:00,36.51960161330008
2023-08-14 17:00:00,39.014020229351395
2023-08-14 18:00:00,37.63958988471307
2023-08-14 19:00:00,34.74409200478354
2023-08-14 20:00:00,36.04283819300015
2023-08-14 21:00:00,34.611922429589534
2023-08-14 22:00:00,40.228021415795794
2023-08-14 23:00:00,37.06393494601583
2023-08-15 00:00:00,42.703572057259024
2023-08-15 01:00:00,36.818017558556136
2023-08-15 02:00:00,34.874779699268615
2023-08-15 03:00:00,32.45885682216152
2023-08-15 04:00:00,31.590580971232164
2023-08-15 05:00:00,25.24759217098353
2023-08-15 06:00:00,30.80137995303445
2023-08-15 07:00:00,31.526175069689803
2023-08-15 08:00:00,25.2564278939036
2023-08-15 09:00:00,32.685114942228346
2023-08-15 10:00:00,28.550816844949683
2023-08-15 11:00:00,30.44037903595665
2023-08-15 12:00:00,34.83666188476627
2023-08-15 13:00:00,32.6905179475966
2023-08-15 14:00:00,29.1944080562825
2023-08-15 15:00:00,27.32642332375414
2023-08-15 16:00:00,23.544553796012085
2023-08-15 17:00:00,27.842540042272738
2023-08-15 18:00:00,29.366609283516915
2023-08-15 19:00:00,27.038461418546447
2023-08-15 20:00:00,29.606229098723087
2023-08-15 21:00:00,30.230555648876305
2023-08-15 22:00:00,29.325432054575764
2023-08-15 23:00:00,28.04999225752962
2023-08-16 00:00:00,30.505964015900183
2023-08-16 01:00:00,31.325821948708228
2023-08-16 02:00:00,26.72880276767146
2023-08-16 03:00:00,34.23279713923881
2023-08-16 04:00:00,29.704235603147215
2023-08-16 05:00:00,30.056548868834543
2023-08-16 06:00:00,32.12464326976967
2023-08-16 07:00:00,30.699648393790504
2023-08-16 08:00:00,32.85940990173974
2023-08-16 09:00:00,30.861372495605472
2023-08-16 10:00:00,28.162687876078685
2023-08-16 11:00:00,31.084510575618303
2023-08-16 12:00:00,26.568821378038017
2023-08-16 13:00:00,30.32567911732957
2023-08-16 14:00:00,29.900310028066617
2023-08-16 15:00:00,29.37564942818238
2023-08-16 16:00:00,29.61438746568321
2023-08-16 17:00:00,24.354452863507085
2023-08-16 18:00:00,28.353825276777116
2023-08-16 19:00:00,30.278534703423343
2023-08-16 20:00:00,30.4795691759922
2023-08-16 21:00:00,26.916974577222128
2023-08-16 22:00:00,33.797123522594106
2023-08-16 23:00:00,27.401475455356497
2023-08-17 00:00:00,32.908371601580214
2023-08-17 01:00:00,31.281583085615054
2023-08-17 02:00:00,28.06131807046859
2023-08-17 03:00:00,35.32593267782853
2023-08-17 04:00:00,26.41908950473056
2023-08-17 05:00:00,32.75746252083
2023-08-17 06:00:00,33.00174695412893
2023-08-17 07:00:00,27.988139372770064
2023-08-17 08:00:00,34.177395900192984
2023-08-17 09:00:00,29.24986045620314
2023-08-17 10:00:00,30.866080887839573
2023-08-17 11:00:00,30.780965516313664
2023-08-17 12:00:00,29.597073775588356
2023-08-17 13:00:00,32.432424819479344
2023-08-17 14:00:00,32.38046616165664
2023-08-17 15:00:00,24.754404080285457
2023-08-17 16:00:00,33.91302072863446
2023-08-17 17:00:00,25.012524035892977
2023-08-17 18:00:00,33.09763861302497
2023-08-17 19:00:00,33.38011541048275
2023-08-17 20:00:00,26.727100709354406
2023-08-17 21:00:00,28.767557136136247
2023-08-17 22:00:00,26.682885994542193
2023-08-17 23:00:00,29.355236909133794
2023-08-18 00:00:00,29.075897147442777
2023-08-18 01:00:00,32.33898159680802
2023-08-18 02:00:00,33.93092623835882
2023-08-18 03:00:00,34.18705143236987
2023-08-18 04:00:00,28.313495920265094
2023-08-18 05:00:00,29.372334378766418
2023-08-18 06:00:00,24.94968542333715
2023-08-18 07:00:00,27.582389800511432
2023-08-18 08:00:00,32.89455489929237
2023-08-18 09:00:00,34.8467484706447
2023-08-18 10:00:00,26.296953384360233
2023-08-18 11:00:00,28.222607222541317
2023-08-18 12:00:00,29.920782729123218
2023-08-18 13:00:00,30.84048347645882
2023-08-18 14:00:00,27.571189440235063
2023-08-18 15:00:00,31.272183133392268
2023-08-18 16:00:00,28.57848195878725
2023-08-18 17:00:00,29.956643187365163
2023-08-18 18:00:00,31.6388527440111
2023-08-18 19:00:00,30.019266809432814
2023-08-18 20:00:00,28.690842328420295
2023-08-18 21:00:00,29.67117058822251
2023-08-18 22:00:00,29.734911122383995
2023-08-18 23:00:00,28.889966910353618
2023-08-19 00:00:00,29.223611811998694
2023-08-19 01:00:00,34.79594151151415
2023-08-19 02:00:00,31.682758343823718
2023-08-19 03:00:00,29.11355904591252
2023-08-19 04:00:00,32.09086321353221
2023-08-19 05:00:00,28.99854153073197
2023-08-19 06:00:00,33.519373912759924
2023-08-19 07:00:00,31.108926576594282
2023-08-19 08:00:00,29.678093567987315
2023-08-19 09:00:00,31.343150777430832
2023-08-19 10:00:00,25.287371543794503
2023-08-19 11:00:00,26.619697593270583
2023-08-19 12:00:00,26.418224980802833
2023-08-19 13:00:00,30.42882928429112
2023-08-19 14:00:00,35.19754499845528
2023-08-19 15:00:00,36.6939004385779
2023-08-19 16:00:00,31.914153304322273
2023-08-19 17:00:00,31.50253342483337
2023-08-19 18:00:00,24.596826797541784
2023-08-19 19:00:00,28.371978600797934
2023-08-19 20:00:00,27.636648744275284
2023-08-19 21:00:00,28.13745720524665
2023-08-19 22:00:00,29.495568544245632
2023-08-19 23:00:00,28.58372826690862
2023-08-20 00:00:00,24.062100568872637
2023-08-20 01:00:00,32.2437307683526
2023-08-20 02:00:00,26.78177092278058
2023-08-20 03:00:00,30.71774059233345
2023-08-20 04:00:00,36.222248009249924
2023-08-20 05:00:00,27.241846225240728
2023-08-20 06:00:00,22.40913743176101
2023-08-20 07:00:00,29.14198733435967
2023-08-20 08:00:00,33.302878904995715
2023-08-20 09:00:00,35.87504236266178
2023-08-20 10:00:00,26.31135121664275
2023-08-20 11:00:00,31.490097669709566
2023-08-20 12:00:00,28.60406862965984
2023-08-20 13:00:00,29.682154937087592
2023-08-20 14:00:00,37.933030041051104
2023-08-20 15:00:00,25.49108901481454
2023-08-20 16:00:00,30.76121898448372
2023-08-20 17:00:00,31.403079515296298
2023-08-20 18:00:00,33.25735897481804
2023-08-20 19:00:00,30.293949460412687
2023-08-20 20:00:00,30.924151618512308
2023-08-20 21:00:00,28.825054297734628
2023-08-20 22:00:00,30.807380823735322
2023-08-20 23:00:00,28.97042317350777
2023-08-21 00:00:00,31.864715669568152
2023-08-21 01:00:00,28.891168991869097
2023-08-21 02:00:00,31.131301181706558
2023-08-21 03:00:00,29.912211558945064
2023-08-21 04:00:00,33.37815075231651
2023-08-21 05:00:00,29.845818829234542
2023-08-21 06:00:00,24.680902595379358
2023-08-21 07:00:00,33.78576450214197
2023-08-21 08:00:00,27.282803097412142
2023-08-21 09:00:00,28.03870098405354
2023-08-21 10:00:00,28.213016117869522
2023-08-21 11:00:00,34.12331427951245
2023-08-21 12:00:00,23.592977358063912
2023-08-21 13:00:00,39.41324560097998
2023-08-21 14:00:00,33.168170427198156
2023-08-21 15:00:00,30.66971674238748
2023-08-21 16:00:00,29.83531799815114
2023-08-21 17:00:00,30.856662224572972
2023-08-21 18:00:00,31.563367285138014
2023-08-21 19:00:00,31.935646757850172
2023-08-21 20:00:00,31.666813398010344
2023-08-21 21:00:00,30.268742043765748
2023-08-21 22:00:00,29.40798473907802
2023-08-21 23:00:00,29.546180149039465
2023-08-22 00:00:00,29.415275158941956
2023-08-22 01:00:00,33.401310290601195
2023-08-22 02:00:00,31.780670166842587
2023-08-22 03:00:00,21.178834096007158
2023-08-22 04:00:00,31.967702329589283
2023-08-22 05:00:00,30.584208584156325
2023-08-22 06:00:00,29.943873730662308
2023-08-22 07:00:00,28.83444464073334
2023-08-22 08:00:00,33.37233815995804
2023-08-22 09:00:00,32.84257938636857
2023-08-22 10:00:00,27.68136699652917
2023-08-22 11:00:00,31.221156861373604
2023-08-22 12:00:00,27.08502979637614
2023-08-22 13:00:00,25.86114550563321
2023-08-22 14:00:00,28.119848326230105
2023-08-22 15:00:00,32.587180417148275
2023-08-22 16:00:00,32.85937513612826
2023-08-22 17:00:00,31.53925626029188
2023-08-22 18:00:00,32.17528736054399
2023-08-22 19:00:00,31.548534861344876
2023-08-22 20:00:00,28.075555214331143
2023-08-22 21:00:00,31.29576763402182
2023-08-22 22:00:00,32.40122857568305
2023-08-22 23:00:00,32.26287398944072
2023-08-23 00:00:00,33.56674011442393
2023-08-23 01:00:00,32.12491154160319
2023-08-23 02:00:00,31.054344622624747
2023-08-23 03:00:00,33.21045071494928
2023-08-23 04:00:00,29.92043622225282
2023-08-23 05:00:00,27.354376046316847
2023-08-23 06:00:00,29.510799108168708
2023-08-23 07:00:00,27.765292065580653
2023-08-23 08:00:00,27.974465175076855
2023-08-23 09:00:00,29.566443987853447
2023-08-23 10:00:00,27.622740237000116
2023-08-23 11:00:00,29.076115411082878
2023-08-23 12:00:00,24.319155999138644
2023-08-23 13:00:00,30.639881122118815
2023-08-23 14:00:00,30.003616426086673
2023-08-23 15:00:00,27.54873410679543
2023-08-23 16:00:00,31.977737005297215
2023-08-23 17:00:00,32.812710412879674
2023-08-23 18:00:00,25.177320406893077
2023-08-23 19:00:00,27.711825664301358
2023-08-23 20:00:00,27.692572950638105
2023-08-23 21:00:00,27.180290696673406
2023-08-23 22:00:00,32.488424525795246
2023-08-23 23:00:00,29.41852158368159
2023-08-24 00:00:00,29.206455476068168
2023-08-24 01:00:00,23.98841290677974
2023-08-24 02:00:00,31.90625409062768
2023-08-24 03:00:00,26.282224815439584
2023-08-24 04:00:00,30.179797890798984
2023-08-24 05:00:00,30.832130813874574
2023-08-24 06:00:00,34.08197578751595
2023-08-24 07:00:00,26.073538802642663
2023-08-24 08:00:00,20.941463532537526
2023-08-24 09:00:00,30.551548634261085
2023-08-24 10:00:00,35.40153354453256
2023-08-24 11:00:00,33.71683905881831
2023-08-24 12:00:00,30.628978245823877
2023-08-24 13:00:00,28.525091443103857
2023-08-24 14:00:00,32.42136778991193
2023-08-24 15:00:00,27.079361400886594
2023-08-24 16:00:00,31.42907330806866
2023-08-24 17:00:00,31.516410477499882
2023-08-24 18:00:00,33.18062972249664
2023-08-24 19:00:00,38.27898011673324
2023-08-24 20:00:00,31.1772479015363
2023-08-24 21:00:00,28.473109122877503
2023-08-24 22:00:00,29.923277063424017
2023-08-24 23:00:00,24.692772285332644
2023-08-25 00:00:00,27.915860606732824
2023-08-25 01:00:00,28.77215268566069
2023-08-25 02:00:00,28.427734806196224
2023-08-25 03:00:00,30.457064616101167
2023-08-25 04:00:00,27.532740202853397
2023-08-25 05:00:00,33.36309200197341
2023-08-25 06:00:00,30.00062119475459
2023-08-25 07:00:00,29.972099036584158
2023-08-25 08:00:00,29.016315850461247
2023-08-25 09:00:00,30.465572051576938
2023-08-25 10:00:00,32.475294794002906
2023-08-25 11:00:00,27.3986093528673
2023-08-25 12:00:00,28.02565053277423
2023-08-25 13:00:00,29.088821913670007
2023-08-25 14:00:00,25.962387229580354
2023-08-25 15:00:00,27.542226420835508
2023-08-25 16:00:00,28.57133737936602
2023-08-25 17:00:00,32.623167542138184
2023-08-25 18:00:00,30.787683987005774
2023-08-25 19:00:00,30.580769734102635
2023-08-25 20:00:00,32.55269388650392
2023-08-25 21:00:00,29.58788463480181
2023-08-25 22:00:00,31.17139454978667
2023-08-25 23:00:00,29.690334741202513
2023-08-26 00:00:00,30.796087048198885
2023-08-26 01:00:00,28.251724027165253
2023-08-26 02:00:00,22.683548525170714
2023-08-26 03:00:00,29.597162513441088
2023-08-26 04:00:00,34.26824440829982
2023-08-26 05:00:00,32.77864620672478
2023-08-26 06:00:00,32.89619245377351
2023-08-26 07:00:00,33.70839216541865
2023-08-26 08:00:00,30.26597277288431
2023-08-26 09:00:00,30.591947122216787
2023-08-26 10:00:00,28.14704431369695
2023-08-26 11:00:00,29.05178143191885
2023-08-26 12:00:00,31.847313449313425
2023-08-26 13:00:00,33.61165331150645
2023-08-26 14:00:00,29.581661172957002
2023-08-26 15:00:00,28.649432205445766
2023-08-26 16:00:00,30.001583876569793
2023-08-26 17:00:00,31.803620246787343
2023-08-26 18:00:00,25.668435551599373
2023-08-26 19:00:00,23.111457140588286
2023-08-26 20:00:00,28.34838945152525
2023-08-26 21:00:00,26.337862722257526
2023-08-26 22:00:00,28.475579407058067
2023-08-26 23:00:00,29.556659043547587
2023-08-27 00:00:00,28.64025477293096
2023-08-27 01:00:00,34.35740260341224
2023-08-27 02:00:00,30.98023429380696
2023-08-27 03:00:00,30.901423078832487
2023-08-27 04:00:00,31.866621432130206
2023-08-27 05:00:00,26.583500646657694
2023-08-27 06:00:00,33.1173353622608
2023-08-27 07:00:00,29.77270714039362
2023-08-27 08:00:00,32.01144185172364
2023-08-27 09:00:00,33.78442830087953
2023-08-27 10:00:00,32.33872370195181
2023-08-27 11:00:00,39.453668974075086
2023-08-27 12:00:00,38.129228578292555
2023-08-27 13:00:00,34.29384533692747
2023-08-27 14:00:00,34.391010756175916
2023-08-27 15:00:00,40.37630435324431
2023-08-27 16:00:00,33.43176432139802
2023-08-27 17:00:00,41.92801885976789
2023-08-27 18:00:00,34.298137796056395
2023-08-27 19:00:00,38.91517577682515
2023-08-27 20:00:00,36.01414457275305
2023-08-27 21:00:00,38.809562293247026
2023-08-27 22:00:00,35.36765799365742
2023-08-27 23:00:00,36.51162128178312
2023-08-28 00:00:00,37.122757526187165
2023-08-28 01:00:00,33.993437632655585
2023-08-28 02:00:00,39.222473036260375
2023-08-28 03:00:00,35.460359300585246
2023-08-28 04:00:00,36.31420025397995
2023-08-28 05:00:00,34.01695187617446
2023-08-28 06:00:00,29.31299902361407
2023-08-28 07:00:00,36.42691671219949
2023-08-28 08:00:00,44.23784626483875
2023-08-28 09:00:00,39.353812863694074
2023-08-28 10:00:00,36.942218860796814
2023-08-28 11:00:00,36.21132751237519
2023-08-28 12:00:00,37.06739767843614
2023-08-28 13:00:00,38.641357345525634
2023-08-28 14:00:00,33.457561554073465
2023-08-28 15:00:00,40.342965084006615
2023-08-28 16:00:00,39.14614394632373
2023-08-28 17:00:00,39.154557177123806
2023-08-28 18:00:00,38.315427216429185
2023-08-28 19:00:00,37.05884997308197
2023-08-28 20:00:00,39.01858370790046
2023-08-28 21:00:00,38.77544240122413
2023-08-28 22:00:00,35.93787786717693
2023-08-28 23:00:00,35.27919468130929
2023-08-29 00:00:00,37.30556888578596
2023-08-29 01:00:00,41.64706045448556
2023-08-29 02:00:00,33.2826787730383
2023-08-29 03:00:00,32.59742420274268
2023-08-29 04:00:00,37.49428252370955
2023-08-29 05:00:00,37.15266310556805
2023-08-29 06:00:00,37.52002499311122
2023-08-29 07:00:00,37.7318595937255
2023-08-29 08:00:00,36.33039323609559
2023-08-29 09:00:00,34.46959031580624
2023-08-29 10:00:00,25.197288064570454
2023-08-29 11:00:00,27.51450892565926
2023-08-29 12:00:00,29.69023571955286
2023-08-29 13:00:00,25.0704335665375
2023-08-29 14:00:00,29.472436786703785
2023-08-29 15:00:00,34.98441049718406
2023-08-29 16:00:00,30.062659464887886
2023-08-29 17:00:00,30.69210271715605
2023-08-29 18:00:00,26.21950570448226
2023-08-29 19:00:00,28.15091577588157
2023-08-29 20:00:00,28.87441085902819
2023-08-29 21:00:00,29.0468547097313
2023-08-29 22:00:00,33.84493138501131
2023-08-29 23:00:00,31.673073182175372
2023-08-30 00:00:00,26.665626129188905
2023-08-30 01:00:00,30.739514335296015
2023-08-30 02:00:00,31.494665245490356
2023-08-30 03:00:00,33.4204471155638
2023-08-30 04:00:00,34.74162205970512
2023-08-30 05:00:00,26.954717424516396
2023-08-30 06:00:00,27.567427466368986
2023-08-30 07:00:00,26.22726642325615
2023-08-30 08:00:00,29.297940422679055
2023-08-30 09:00:00,31.399075123339003
2023-08-30 10:00:00,32.9620035497673
2023-08-30 11:00:00,29.77214692907243
2023-08-30 12:00:00,29.040457430235467
2023-08-30 13:00:00,30.45527397674622
2023-08-30 14:00:00,27.49457129510993
2023-08-30 15:00:00,36.26861616508432
2023-08-30 16:00:00,25.177016918645826
2023-08-30 17:00:00,30.554221736687172
2023-08-30 18:00:00,36.07081865768892
2023-08-30 19:00:00,30.020399533679992
2023-08-30 20:00:00,29.429882894995515
2023-08-30 21:00:00,28.927663731568718
2023-08-30 22:00:00,29.458824954712778
2023-08-30 23:00:00,34.11854542402959
2023-08-31 00:00:00,23.36441426601148
